Price,Close,Close,Close,High,High,High,Low,Low,Low,Open,Open,Open,Volume,Volume,Volume
Ticker,ENGINERSIN.NS,PARAS.NS,POLYCAB.NS,ENGINERSIN.NS,PARAS.NS,POLYCAB.NS,ENGINERSIN.NS,PARAS.NS,POLYCAB.NS,ENGINERSIN.NS,PARAS.NS,POLYCAB.NS,ENGINERSIN.NS,PARAS.NS,POLYCAB.NS
Date,,,,,,,,,,,,,,,
2025-06-24,229.1206817626953,823.0160522460938,6313.54345703125,231.69231455908428,878.0236674790269,6396.151497849976,224.89653106106408,819.3688372945728,6229.442499812185,224.89653106106408,874.3265032106722,6279.206379823466,8587220,2463620,608610
2025-06-25,230.4309539794922,795.737060546875,6410.5830078125,231.35009874716715,831.2097377810637,6464.327998096909,224.94543343132844,786.8938963922155,6316.031636015856,229.68780803785924,826.863110177217,6328.472605989098,3776982,1640808,480549
2025-06-26,227.9668731689453,805.9791259765625,6437.953125,232.64080890850278,818.3196566273562,6465.820897667543,226.50992929757868,793.3888487419237,6359.823833771354,230.76341343706744,799.384230470452,6419.540489487516,2563673,1003854,294479
2025-06-27,232.7483673095703,814.32275390625,6455.37060546875,234.47909707749434,817.0206879427877,6554.898366885166,225.90368983394828,805.8292962652619,6439.446163642124,229.33580131116213,813.3734729134451,6449.398939783765,7628000,598476,417426
2025-06-30,235.4666748046875,798.1351928710938,6520.0634765625,238.39033519362872,826.7131547244782,6534.495001583131,231.05675237339946,794.3880792895393,6437.953075583046,231.74121711924502,820.3181174715313,6455.370433366566,6333600,1425200,180007
2025-07-01,233.2274932861328,813.07373046875,6632.52978515625,236.53248445342982,816.8707935192771,6657.411724626374,231.39897649678264,798.1851741793655,6529.020916960534,235.4666740013769,798.1851741793655,6529.518555749937,2216448,896728,317256
2025-07-02,229.25758361816406,847.4472045898438,6736.03857421875,233.78483859976177,850.3449968946268,6745.991349889877,228.66111828535583,815.4718345538531,6606.652490494099,233.11014659311826,818.2197179163211,6648.454148312832,2342901,2384278,407342
2025-07-03,229.5704803466797,848.1466674804688,6775.35205078125,230.71451750080715,866.8322863109748,6837.059260057554,226.7055010916808,842.1512856731306,6711.156647582515,229.2478009052264,856.3403681481332,6743.00552978964,2574523,1715032,349404
2025-07-04,237.6080780029297,932.8814086914062,6685.77734375,240.24816477447538,932.8814086914062,6838.552456852438,228.6122195975608,855.3411597281452,6630.04179760188,229.78558983822418,857.3396203817156,6795.755519631559,12171759,4770643,457714
2025-07-07,231.29141235351562,884.4187622070312,6668.35986328125,238.56632873733773,941.2749937627048,6707.673328146863,230.37228252670982,859.7378212460485,6573.808492085471,238.2925428450616,933.2811509282019,6668.35986328125,3979136,3459684,183853
2025-07-08,236.25868225097656,860.3372802734375,6716.630859375,237.11916068069786,896.3095707378321,6728.574190531924,230.25492348044693,851.5440659131098,6593.714076218326,231.29140072340502,896.3095707378321,6638.50156805679,4073192,1369081,159641
2025-07-09,240.55130004882812,850.0452270507812,6684.2841796875,244.8438901222942,866.132810459831,6763.906385520586,235.48624578182367,842.6508984473132,6638.501411333476,237.36364127771412,857.4394946660719,6716.630700807191,11925363,817987,303920
2025-07-10,244.58966064453125,835.7562866210938,6748.97705078125,245.23501953208773,861.236660469442,6776.844822116138,239.91572491988808,826.5633552311124,6658.904432716701,242.10602708967997,854.3419466799108,6708.170671326593,6305648,806700,249936
2025-07-11,244.9612274169922,812.5740966796875,6673.833984375,249.78182871197993,843.1505196345772,6761.91605247092,242.80025844047915,809.3765475042574,6614.117328038784,244.40386795908063,834.3573051432776,6738.527028739235,7286224,665297,310579
2025-07-14,243.5531768798828,792.8892822265625,6764.404296875,245.96837135465833,812.3742740393136,6847.509977561981,240.7370762958049,786.5941432231559,6690.753753511688,244.96122717192176,810.3758133405698,6750.470410292752,3120289,673317,407039
2025-07-15,241.489990234375,807.77783203125,6911.705078125,245.2545686517732,812.2743685655918,6922.653131384323,239.17258287770716,788.39273902126,6767.887469400244,242.49713439732759,793.4887893649087,6771.370940891848,2335530,448573,418898
2025-07-16,241.108642578125,806.9783935546875,6915.1884765625,246.2128172850512,814.9722362287831,6976.398046411175,240.29705764286302,804.4803177190325,6896.278202950714,241.42153434533483,813.2735934510815,6897.27348050923,1939321,322568,289082
2025-07-17,234.68441772460938,807.078369140625,6853.4814453125,241.84200155837436,816.271300595257,6943.554066689319,233.4719416077858,804.3804349871314,6782.816736829028,241.3628687869189,812.0745209107314,6936.089484807263,2565470,258927,907510
2025-07-18,230.010498046875,794.787841796875,6893.29248046875,235.83825869610422,813.5733601086055,7046.565226930227,228.15266294780633,791.8900493974985,6863.434153235995,234.674661114179,807.0783628580266,6958.980800380811,2032788,254325,1599277
2025-07-21,229.82470703125,774.3035888671875,7008.74462890625,233.64795189086607,795.1874656791886,7027.654902684894,228.0157655062127,771.4057965831971,6790.281202884534,230.01049352154425,794.2881949962858,6922.155480551401,2084897,545303,356365
2025-07-22,236.85516357421875,810.8754272460938,6927.62939453125,237.87209540913128,819.3688852024607,7046.067423113855,230.7731777238017,790.0914482093259,6912.202592488978,231.5456567991965,799.3842782463031,7008.744514947068,3546667,906828,267070
2025-07-23,235.2613525390625,797.1859130859375,6852.486328125,237.60809317018902,814.7724027811134,6961.966864957789,233.207943296667,794.5879387274638,6817.651611860022,237.55919963199617,811.3749954001769,6960.971587350217,1113272,328455,297076
2025-07-24,229.5020294189453,808.9768676757812,6808.69384765625,236.53247806921735,814.3727359657962,6897.273551272886,228.12331230980755,795.1875010312971,6770.873300044653,235.50578844176906,797.1859617330537,6892.297163429254,1843233,323365,240792
2025-07-25,224.29031372070312,782.3973388671875,6702.69677734375,230.76341839441727,811.1751598232875,6807.6985606995695,222.07067835763948,774.4034963244832,6682.791225996675,228.7100091270596,810.3757877666527,6807.6985606995695,2412302,524075,183817
2025-07-28,211.67652893066406,704.1575927734375,6805.21044921875,223.61560824709403,773.3043405689805,6818.646696540791,210.5031586713123,704.1575927734375,6693.241721535078,221.1808533957745,770.8062648609636,6717.626022230633,3511923,1370005,253763
2025-07-29,211.7351837158203,673.4812622070312,6929.6201171875,214.2774982399678,700.3605832690236,6944.0516420276035,209.0657639096135,660.1915106252112,6757.934735469031,211.20717234983877,698.8617377299871,6800.73167120175,2605197,1262857,258467
2025-07-30,210.94317626953125,684.2728881835938,6898.26904296875,214.40463578501843,695.3643809596651,6953.00931094787,209.65247342594532,677.5780330645883,6838.552386991528,212.42945326172625,677.5780330645883,6947.037645350148,1728627,586366,218429
2025-07-31,209.0462188720703,661.1907348632812,6788.78857421875,211.50053416892155,682.4743291229192,6852.486341225054,207.29594364861003,654.4958793199298,6669.35526108193,208.95821945797618,674.3805876823267,6815.661069674535,1889145,598464,677598
2025-08-01,202.3482208251953,631.3636474609375,6666.369140625,208.81155245454912,666.2867590197735,6827.106467619765,201.71263469135002,621.2214963995901,6648.454144427441,208.76265891806676,663.9885415026521,6788.290642525054,2133327,554766,246544
2025-08-04,206.48435974121094,641.35595703125,6886.8232421875,207.19815763732177,652.4973995038071,6905.235877490696,201.00862675756565,608.13154886356,6651.44009358177,201.96687741866634,619.7726064965334,6712.6496649951,1805332,948917,367819
2025-08-05,205.48699951171875,651.0485229492188,6892.794921875,209.0560190277359,665.1377074902058,6920.662694283129,204.5678695981075,645.0031915237431,6851.988540848811,207.29595603958353,651.4981888047723,6898.766587391027,1086132,522115,208115
2025-08-06,200.4219207763672,643.0546875,6792.76953125,207.29593087546007,667.3859834164073,6917.179229624542,199.59077546279127,637.7088294566394,6648.45428113553,205.9563345871949,659.3421302088535,6917.179229624542,1348119,438974,444662
2025-08-07,198.73031616210938,649.1500244140625,6848.5048828125,200.34369836960454,656.8940596640365,6870.898627887821,193.782579890686,632.5128146107814,6714.142412360577,200.10901835460749,641.5058878042996,6757.934624952314,2029392,471361,193378
2025-08-08,194.85818481445312,624.5,6709.166015625,199.98192008678487,656.2999877929688,6872.391535067591,194.09549338921076,621.0,6686.772270579523,198.66186920144327,655.9500122070312,6820.13946329481,1016810,430239,148921
2025-08-11,198.52496337890625,652.5999755859375,6725.58837890625,199.76678750931683,672.7999877929688,6777.840452882214,191.07404843686592,611.2999877929688,6643.975615743791,191.07404843686592,631.9500122070312,6727.578934105334,2237404,989027,140792
2025-08-12,197.5960693359375,656.3499755859375,6771.37109375,200.20682318855683,663.0,6790.779006784192,195.7577796892129,644.0,6588.737655710296,200.20682318855683,652.0,6732.057628885867,1264566,356504,522463
2025-08-13,196.77468872070312,670.4500122070312,6933.103515625,199.96234717232068,672.5999755859375,6947.535040312993,195.18085203478856,655.2000122070312,6787.792991180376,198.34896500918612,659.9500122070312,6794.759934133201,1573524,505055,255672
2025-08-14,186.08721923828125,667.25,6937.0849609375,195.94355644978393,671.9000244140625,6950.02356990338,185.00184837188985,658.0,6871.894277301717,194.5843996819796,670.7000122070312,6942.0613490013,3893290,235135,143368
2025-08-18,187.0650177001953,676.2999877929688,7053.5322265625,189.6953316447716,682.4500122070312,7151.069429638996,185.79386043193543,663.9500122070312,6975.900575134268,188.46329517134464,676.9500122070312,6991.82501645288,1683664,476420,459379
2025-08-19,191.63140869140625,680.75,7083.390625,193.07857981280534,683.0499877929688,7101.30562166292,187.25081928985665,670.2999877929688,6990.829808908248,187.8472846374057,679.8499755859375,7060.4992403751585,3093602,276910,187122
2025-08-20,190.0082550048828,681.0999755859375,7124.19677734375,192.43322229002214,690.0,7173.960655363754,189.36289611538362,675.0,7086.376230048547,191.65097044701216,682.8499755859375,7095.333728092148,1840813,335115,217222
2025-08-21,190.89804077148438,679.1500244140625,7051.0439453125,194.09548697641262,692.25,7143.107120545954,190.01801682380713,672.0,7033.626587835901,190.01801682380713,680.5499877929688,7124.196846714218,2227545,527981,139514
2025-08-22,187.26058959960938,683.8499755859375,7066.96826171875,191.25984815024412,709.4500122070312,7130.168386304222,186.7619113332944,674.5999755859375,7026.161882065138,191.25006049076703,682.0499877929688,7066.470622942486,1260974,975943,172189
2025-08-25,189.38243103027344,672.4500122070312,7038.10546875,190.33090891248094,692.0,7121.708786203864,186.6641175906103,666.0,7024.171582507689,187.7397156797772,692.0,7114.741843082709,1775676,421283,116097
2025-08-26,191.3380584716797,651.7999877929688,7030.640625,192.42342933041098,673.75,7062.489506653454,187.01613543534953,649.9500122070312,6952.013698418034,189.36289089974255,672.4500122070312,6994.312994364029,3242091,453527,187129
2025-08-28,195.82623291015625,640.4000244140625,7072.93994140625,196.93114930591878,662.0,7136.140066120145,188.46331653071846,635.2000122070312,6952.013718528482,191.62164220179275,650.0,7065.475359747129,4264872,358761,275286
2025-08-29,195.89535522460938,648.7000122070312,7057.51318359375,197.83120386101618,655.9500122070312,7146.09288650446,195.01632552911695,633.9000244140625,7036.612354817065,197.83120386101618,640.0,7080.902206272421,2420666,372085,260270
2025-09-01,198.60159301757812,662.75,7110.7607421875,200.1028624981598,669.0,7125.689906038408,193.66322044921998,642.0,7025.664508237324,195.55955370698345,648.5,7092.84574556641,2817978,374414,150419
2025-09-02,200.922607421875,669.75,7144.60009765625,206.72026672875202,683.0,7165.0032880166245,197.12006980734702,659.4000244140625,7079.409416260904,199.2633215691463,667.5999755859375,7115.23940908888,3390477,449158,130949
2025-09-03,199.44110107421875,664.4000244140625,7200.83349609375,203.7473624219768,677.0,7210.78627217681,198.72010292158856,660.1500244140625,7123.699481450037,201.58436796408623,669.5499877929688,7141.116839595391,1929159,291323,265000
2025-09-04,197.1497039794922,665.6500244140625,7222.7294921875,201.73251297371635,682.0999755859375,7290.408368509499,195.86572413858838,658.9500122070312,7201.828662735118,201.07077287917963,673.9000244140625,7215.762549036706,1609931,414439,197453
2025-09-05,198.7200927734375,660.9500122070312,7193.8662109375,199.91518546768853,668.0999755859375,7280.952997525357,195.30274767712868,654.25,7184.411074107961,197.24846751450332,668.0999755859375,7253.582864597745,1289520,224131,143952
2025-09-08,198.36453247070312,646.9500122070312,7289.91064453125,200.3892681027498,662.9500122070312,7349.627299411703,197.53488955155842,641.0,7195.856913094537,199.4114649740118,661.4500122070312,7195.856913094537,926628,351034,234488
2025-09-09,203.16464233398438,644.5,7159.03173828125,210.27589574427716,655.9000244140625,7336.688788925377,199.33247550890349,641.25,7140.619102780318,199.51024968557027,647.9500122070312,7325.24309658696,14297066,194815,160736
2025-09-10,206.39434814453125,663.4000244140625,7174.9560546875,214.2759866895876,667.0,7236.663264479514,203.6090987305246,645.0,7162.515084971368,204.15232273723342,645.0,7219.743545665574,8228418,382739,133081
2025-09-11,206.34495544433594,654.0,7199.34033203125,207.26350056928183,674.9000244140625,7250.099488308791,204.942459457977,650.7999877929688,7114.741738235348,207.26350056928183,665.7999877929688,7205.809636262701,1990552,351958,178711
2025-09-12,206.22642517089844,692.25,7220.2412109375,207.77706619804434,696.0,7275.479116679733,204.47823720005655,659.1500244140625,7201.330936899618,207.01656773353494,659.8499755859375,7216.260100613735,1725394,1848040,218090
2025-09-15,208.28079223632812,722.2999877929688,7215.7626953125,215.31302947736333,737.6500244140625,7245.621023706896,207.53015001124052,694.0,7096.329381734914,210.47343071464482,694.7000122070312,7225.715471443966,6840679,2101193,161143
2025-09-16,206.28570556640625,738.7000122070312,7360.07763671875,210.76974135861067,743.4000244140625,7366.04930214408,205.97952886952078,711.0999755859375,7207.3025295874,209.09069765036557,729.0,7216.260027725395,2265727,1289368,209209
2025-09-17,207.4709014892578,747.8499755859375,7324.24755859375,211.84630732793252,765.0,7403.869763334544,206.72027430039404,733.0,7267.516737715934,207.016579662296,739.0,7403.869763334544,2867910,1199163,269888
2025-09-18,204.89306640625,740.25,7405.36279296875,208.39931379948413,753.4500122070312,7416.8084850753485,204.23132631783713,736.5999755859375,7315.290172477698,208.39931379948413,751.4500122070312,7324.745309435322,1588960,662376,184784
2025-09-19,204.05355834960938,748.0499877929688,7513.3505859375,206.57211627570464,752.75,7532.260860296066,203.065883846602,732.5,7388.9408862100945,204.8930726347355,738.0,7405.362966574112,1613527,469701,370166
2025-09-22,205.14987182617188,734.25,7620.84033203125,208.65610415572576,759.9500122070312,7677.571153361508,203.8560056045654,730.0,7469.5581418172305,204.54738979361434,746.0499877929688,7513.35035477392,1893719,485725,415876
2025-09-23,201.18930053710938,713.0,7584.01513671875,205.9202700175089,736.5999755859375,7660.651510147535,200.5473181151837,711.5499877929688,7525.791398464414,204.9819671490857,735.75,7613.873464028667,1959186,517247,317133
2025-09-24,200.15223693847656,709.2999877929688,7496.92822265625,204.19183720906878,722.0,7587.498480639883,199.21394915164086,704.5,7469.558089749108,201.13991146582305,709.8499755859375,7554.156682371183,1713821,397284,352940
2025-09-25,196.39907836914062,710.5,7372.5185546875,201.09053219674465,726.0,7564.109485740803,196.00399953070186,703.0,7346.641338025755,200.1522293746505,705.0499877929688,7544.203934462538,1917041,425068,464674
2025-09-26,193.4459228515625,694.7999877929688,7287.919921875,196.7348806545766,723.75,7470.553353853704,191.6286054385249,690.0,7237.658405172414,196.39907495078594,713.7999877929688,7389.935871617873,1449456,558875,244407
2025-09-29,190.23597717285156,670.7999877929688,7243.63037109375,197.78180939799122,709.7999877929688,7334.698271472299,189.48535001332823,666.0,7225.217735498088,194.4730939490642,697.3499755859375,7290.408418282732,1821048,698253,248137
2025-09-30,190.69032287597656,670.9000244140625,7251.59228515625,194.32495780064167,682.0999755859375,7282.445889443904,188.77423193539505,661.0,7170.974802985284,191.01624219862103,673.0,7250.597007598583,2261111,290989,183924
2025-10-01,199.17445373535156,691.0499877929688,7316.28564453125,200.0040967419013,700.0,7338.181751751994,190.73970462327642,670.5499877929688,7240.64454685959,190.76933365417335,671.9000244140625,7299.365925315221,2494793,537471,112742
2025-10-03,198.7793731689453,725.7999877929688,7358.08740234375,200.29051401461177,731.1500244140625,7379.983509857826,196.55710544641025,695.0,7274.98172155169,199.1744520287154,697.9000244140625,7355.101569500922,1429783,972936,140544
2025-10-06,195.86572265625,723.2000122070312,7579.53662109375,199.50037255972944,737.5,7607.902032911907,195.21385388600999,716.7999877929688,7365.5519354480075,199.50037255972944,727.0,7372.5188787015895,955107,686813,213779
2025-10-07,199.1349334716797,710.7999877929688,7559.630859375,199.70778650628768,726.0999755859375,7602.427795317745,195.55955650368628,708.4000244140625,7519.322117382414,196.7447629228985,726.0,7588.991547986883,1628215,265839,110181
2025-10-08,197.15956115722656,710.75,7552.16650390625,201.47570858260983,723.75,7638.7556559673785,196.1916444539718,705.0,7487.971098067827,199.5102310787036,707.0499877929688,7564.1098352250265,1146607,522485,150765
2025-10-09,199.9349365234375,720.6500244140625,7594.96337890625,202.0782033940932,724.0,7604.916154923687,194.07803412698436,708.0,7510.862421558906,197.15957366301257,712.9500122070312,7552.16644203127,2385290,359177,96611
2025-10-10,200.38926696777344,721.9500122070312,7693.49560546875,203.164629738939,734.9500122070312,7757.691008645042,197.6336619052516,718.5499877929688,7608.897012135652,199.90530106565544,723.7999877929688,7608.897012135652,2159142,485326,236521
2025-10-13,197.10031127929688,707.5999755859375,7649.2060546875,200.2904955402574,718.3499755859375,7711.410905174517,196.2212816196248,702.0499877929688,7572.072040083599,200.2509951932826,718.3499755859375,7663.637580000488,951302,375117,129001
2025-10-14,193.72247314453125,699.8499755859375,7572.07177734375,198.52257175088886,726.7000122070312,7688.021614628259,193.07060436658617,696.1500244140625,7534.748868346591,196.97191557341802,711.75,7663.6373140834485,1180954,576802,163491
2025-10-15,197.3373565673828,703.5,7622.33349609375,198.28551559230195,710.0,7687.026540063991,193.88049601965338,692.0999755859375,7557.640452123508,194.1274146302055,699.8499755859375,7572.071977316869,983523,387335,115511
2025-10-16,197.30772399902344,703.0999755859375,7542.21337890625,198.3151410610821,708.9000244140625,7668.613629516054,195.55953604788587,698.0999755859375,7434.723402009724,197.53488489685444,704.9000244140625,7663.63724169677,757292,220384,186760
2025-10-17,196.28054809570312,705.4500122070312,7404.36767578125,197.189206822266,723.0,7583.517643069458,194.9175675412172,698.5,7205.312156572129,196.96204590830445,702.0,7557.1427867742495,816129,539022,1113487
2025-10-20,195.7175750732422,711.5,7637.2626953125,197.28797385138265,713.2000122070312,7663.637551822017,194.92743248923105,697.2000122070312,7475.530084640931,197.28797385138265,707.0,7494.440359119453,599872,282451,526263
2025-10-21,196.8237762451172,715.1500244140625,7569.0859375,197.58428984186045,718.0,7661.149112939678,195.82623040991055,711.2000122070312,7536.739416399573,196.84353395522817,715.0,7657.665641436555,215511,127631,65121
2025-10-23,196.50772094726562,705.75,7482.99462890625,200.26087191040173,720.0,7653.1870983540075,195.67806293126952,703.9000244140625,7464.58199332272,197.7818143938938,718.9500122070312,7623.826409180272,1095001,247998,250081
2025-10-24,198.05836486816406,725.4500122070312,7477.5205078125,199.18431318731294,767.5,7569.086045775864,195.5595496066256,712.0499877929688,7431.2401000375385,196.5472240995884,720.0,7514.345778515157,1310747,4258923,202587
2025-10-27,198.41392517089844,724.5499877929688,7630.29541015625,199.86580785839845,732.0,7665.627763519655,197.0410582500799,718.5,7448.1596167617945,198.51269864692944,728.0,7479.013221107303,1216284,526296,276608
2025-10-28,195.33238220214844,710.75,7474.53466796875,199.8756756763734,725.6500244140625,7682.547683362288,194.91756073737463,705.0,7442.68578522907,199.06579045582913,724.5499877929688,7630.793248910307,1232256,492662,761477
2025-10-29,198.7991180419922,706.25,7698.9697265625,200.20161399449418,709.7000122070312,7721.3634721313265,195.39164410162243,702.2999877929688,7479.013381197584,196.10277093256943,709.7000122070312,7484.487407892186,1710904,279749,211944
2025-10-30,202.49302673339844,708.2000122070312,7807.95263671875,204.6461498724895,715.0,7831.34165991351,197.82131557768628,705.2000122070312,7661.646832053657,198.17687899441066,707.2999877929688,7698.472102615619,4066035,238325,345825
2025-10-31,199.68801879882812,708.9500122070312,7667.61865234375,206.12766061746976,714.9000244140625,7865.678895310573,198.226264790671,704.2999877929688,7648.2107390882065,203.4609425400685,711.0,7827.858346402336,2353104,234693,324713
2025-11-03,198.72998046875,699.9000244140625,7590.484375,202.6609205155058,713.0499877929688,7738.28309389956,197.70279061276253,697.0,7548.682717129417,199.4213495617901,709.6500244140625,7667.618386546908,1576799,303324,240686
2025-11-04,195.0657196044922,693.5999755859375,7524.29833984375,199.80656036092205,703.9500122070312,7631.290677348142,194.57188233967068,690.3499755859375,7512.852647924676,199.51025498788567,702.0,7581.029160660032,1504039,225903,162179
2025-11-06,192.00390625,670.0999755859375,7555.64990234375,196.15215097925184,693.9500122070312,7633.779193963849,191.70761597281003,666.5999755859375,7536.739627938885,195.06570306050187,690.1500244140625,7549.180597942086,1004640,447420,201409
2025-11-07,194.01876831054688,676.5999755859375,7506.38330078125,195.06570079972707,679.3499755859375,7553.658984523906,189.1396541931531,646.25,7416.3106822820855,191.2236478526269,665.0,7549.1802355377595,1113161,487524,127993
2025-11-10,191.41131591796875,689.7999877929688,7572.07177734375,195.9447381329295,702.9000244140625,7626.314405086288,190.4236414447808,676.0,7465.079438218559,194.8187898363239,676.9000244140625,7524.298453827386,1014515,549057,112624
2025-11-11,191.7965087890625,702.5999755859375,7623.32861328125,193.43605203519695,707.0,7653.684579428528,190.5915447234183,684.5,7513.3504408460285,191.37180092786832,696.0499877929688,7584.015148926578,1045577,682751,105930
2025-11-12,191.49034118652344,703.5499877929688,7643.73193359375,194.93731562373807,717.0,7708.922616100311,191.1841644959566,701.8499755859375,7598.446802997589,192.37924222821545,709.7999877929688,7651.69415435791,1023435,505169,129351
2025-11-13,188.13223266601562,718.75,7684.5380859375,192.34960695880264,732.25,7779.089454693369,187.7865556368894,704.8499755859375,7601.43240918892,192.34960695880264,705.0,7626.314348335201,1657182,1334687,182942
2025-11-14,197.7818145751953,765.9000244140625,7595.95849609375,200.8929831582039,790.0,7710.913056667496,187.76679595309272,722.2000122070312,7566.597807462361,188.13223068798064,722.2000122070312,7703.4484748120585,8650340,7509751,127917
2025-11-17,202.46340942382812,753.4000244140625,7646.7177734375,208.36969895450412,789.0,7672.097352146683,198.9176463707163,748.2999877929688,7544.701819802546,199.90532091092985,774.0,7593.968060826256,11599980,2321744,146747
2025-11-18,198.64109802246094,736.0999755859375,7624.82177734375,203.08563343814762,763.9000244140625,7693.495932498001,198.216405205573,735.5499877929688,7613.873723623507,201.58437899309888,754.0,7643.234413145977,1743193,948289,255512
2025-11-19,199.4707489013672,721.0,7651.69384765625,200.79422911605556,739.7000122070312,7667.618288546274,197.06082070702905,717.3499755859375,7604.915802541806,199.05591234861592,738.5999755859375,7626.811908765589,1706777,531351,138316
2025-11-20,195.6879425048828,746.6500244140625,7612.38037109375,200.49791222680815,764.9500122070312,7703.448267276672,195.41139486608932,721.5,7594.465375123339,200.49791222680815,721.5,7663.6371651202035,1322377,3083236,220950
2025-11-21,193.35704040527344,721.4000244140625,7485.48291015625,196.11264561947382,744.9500122070312,7611.883166716527,192.28046375031212,719.0,7470.553745995588,194.67064929414298,744.0499877929688,7611.883166716527,1332716,658184,169885
2025-11-24,196.80401611328125,708.9000244140625,7391.9267578125,199.5102496779351,725.5499877929688,7514.34590298699,192.99159192749798,701.0,7355.599125301371,194.47310368253213,722.9000244140625,7514.34590298699,3033202,555556,305698
2025-11-25,193.02120971679688,710.4500122070312,7403.8701171875,197.4361156953642,723.7000122070312,7484.487603340503,192.1816954802615,707.6500244140625,7349.129848812004,197.00155159859557,714.4500122070312,7384.959842657783,1511286,682145,130117
2025-11-26,196.88302612304688,718.5999755859375,7503.3974609375,198.42379589189892,721.0,7532.75814870745,193.09035975807004,710.6500244140625,7380.97832210008,193.09035975807004,713.0,7394.41456904565,1627855,494917,132131
2025-11-27,197.42625427246094,719.25,7443.68115234375,200.25100393198744,736.0,7524.298637748195,196.5472245744291,715.75,7389.93616207412,198.42380008730527,723.0,7524.298637748195,1526075,558801,170964
2025-11-28,194.41383361816406,717.6500244140625,7434.7236328125,197.9793389579305,736.0,7484.487512550201,193.58419070354924,711.4000244140625,7416.310997309551,197.485501736748,719.25,7453.633907112827,865886,497693,223708
2025-12-01,194.09779357910156,715.5,7366.04931640625,197.78181518013437,727.9500122070312,7494.440123299428,193.70271474355272,714.0,7347.636681309166,196.0533848352393,724.0,7442.68568951303,903973,356231,199441
2025-12-02,195.43113708496094,706.25,7312.30419921875,196.2212796529833,715.8499755859375,7427.258756862654,192.80393452205684,704.0999755859375,7246.61588056509,194.12741465783262,714.5999755859375,7374.509046428655,1288080,300749,185659
2025-12-03,195.95462036132812,698.0999755859375,7192.87109375,196.92255224985456,710.0,7335.19578814688,193.91014192478204,690.2000122070312,7172.467903294503,195.43115406705357,703.75,7335.19578814688,984551,361662,278984
2025-12-04,200.1437225341797,703.9000244140625,7313.79736328125,200.52094500054793,707.7000122070312,7347.636801309632,194.56487732726433,694.0499877929688,7198.842801743659,194.8229681401638,695.0,7215.76252075785,1822430,353851,179869
2025-12-05,201.2158203125,690.0999755859375,7222.7294921875,203.99532164165302,709.3499755859375,7301.356422032176,199.2106065836524,686.3499755859375,7137.13561919203,200.12388364012594,703.5999755859375,7286.427258137617,2385109,469153,191949
2025-12-08,188.44996643066406,662.5999755859375,6991.8251953125,201.1165459627615,692.0,7231.189460006117,187.11978169739402,660.0,6974.407837174711,200.82866089317974,690.0999755859375,7222.72960033919,2472351,442104,217567
2025-12-09,195.696533203125,671.9500122070312,7160.02685546875,196.7289116209034,675.0,7180.430045701876,187.76503081838757,649.5,6899.264131513674,188.71800832846765,660.0499877929688,6991.8249457420025,3077963,562372,222653
2025-12-10,190.643798828125,659.9000244140625,7105.28662109375,196.0638118248687,678.0,7234.175067295128,189.89929038319383,657.0,7076.423571365256,194.5648736086833,671.0,7184.90882724132,1573984,261992,126487
2025-12-11,192.23207092285156,667.1500244140625,7184.4111328125,193.17512705358,670.0999755859375,7272.4931976810885,190.1970933280699,656.7000122070312,7086.376292252546,191.0904973868978,660.0499877929688,7086.376292252546,806515,206768,295740
2025-12-12,191.35853576660156,667.4500122070312,7242.13720703125,193.92956806350966,679.2999877929688,7263.535674694436,190.5941694915254,666.0,7159.529169075696,192.5795254237288,668.7999877929688,7195.856800224825,1037947,216075,158727
2025-12-15,192.39089965820312,659.1500244140625,7304.83984375,194.96193176095923,666.7999877929688,7320.266646335752,190.69342894670973,657.75,7189.387643753405,190.69342894670973,666.7999877929688,7216.260138580199,1386426,254218,121874
2025-12-16,192.72840881347656,648.6500244140625,7326.73583984375,193.90969794160634,659.75,7367.542220259915,190.336066578954,647.0,7230.193915444532,191.78536783501536,659.0999755859375,7288.417653355401,937983,284939,267325
2025-12-17,192.8773193359375,628.6500244140625,7046.06787109375,193.91963416216865,649.0499877929688,7306.332967257465,190.77283188426304,626.1500244140625,6997.7969067957,192.55965513679317,648.7999877929688,7306.332967257465,986262,399390,1779522
2025-12-18,193.06593322753906,617.9500122070312,7065.4755859375,193.5324930595625,636.0,7111.258354912443,190.19709465779002,616.0999755859375,6989.336850576996,192.38098304235302,628.0,7046.067673002469,699897,501460,194054
2025-12-19,197.76129150390625,639.4500122070312,7403.8701171875,198.53557905043795,641.2999877929688,7419.794558896735,192.97657677820064,618.6500244140625,7053.532399584327,193.06592930054092,627.3499755859375,7056.518232404809,1533185,349476,630329
2025-12-22,197.32452392578125,660.9000244140625,7567.095703125,201.82135387848484,663.5499877929688,7611.883195777983,196.6792893097933,643.2000122070312,7414.81822810486,198.535592250273,646.0,7414.81822810486,1012233,763146,390893
2025-12-23,198.4065399169922,676.75,7608.89697265625,200.89817130200086,682.4000244140625,7644.229326159101,197.096212880329,657.2000122070312,7544.203931031311,198.90287889924076,664.7000122070312,7569.085870117826,1213792,783562,256703
2025-12-24,199.667236328125,670.9000244140625,7594.4658203125,201.48383874032976,685.1500244140625,7641.7415068946175,198.53558410461122,669.0,7575.057906873526,198.53558410461122,679.9000244140625,7608.399706884072,1245312,405475,94994
2025-12-26,203.84642028808594,698.4500122070312,7520.81494140625,206.9733497287599,716.5,7636.267139276048,198.53558726979367,668.7000122070312,7495.933002210173,199.9253303218569,671.0999755859375,7574.062291285854,4904849,1466036,134764
2025-12-29,199.73672485351562,684.25,7458.11279296875,205.48432317023645,713.7000122070312,7575.555551302014,199.13119073490924,680.4500122070312,7426.761548159447,205.4346862463384,700.0,7511.857784070413,1487796,771227,206255
2025-12-30,198.03924560546875,679.9000244140625,7461.59619140625,200.35218698332054,688.9500122070312,7560.626312927515,196.94729383152566,670.0,7434.723696119073,199.5282624897204,685.0,7439.7000841352165,1489110,343184,370086
2025-12-31,199.76651000976562,684.4000244140625,7583.02001953125,201.23566908971748,693.7999877929688,7623.328762252213,198.33705138189336,678.0,7462.591430167386,198.9822859708615,678.0,7462.591430167386,1163378,442503,235002
2026-01-01,201.2058868408203,683.9500122070312,7636.76513671875,203.2011639754684,687.5,7658.661244239643,200.05437683656746,678.75,7484.487661687084,200.52093666334125,685.4500122070312,7579.039035072759,1097326,188669,139174
2026-01-02,204.8887176513672,683.75,7761.1748046875,205.86155292370603,688.9500122070312,7784.066189723127,198.43631113917604,680.0999755859375,7628.305243719844,201.4143449140335,682.0,7640.2485750427795,2967348,252756,192881
2026-01-05,204.4122314453125,702.7000122070312,7725.3447265625,208.3531639219083,713.0,7803.474018115599,202.61548686900787,684.9500122070312,7548.68295266855,206.27847074523953,688.0,7803.474018115599,2928381,1072167,1133200
2026-01-06,203.8960418701172,692.2000122070312,7758.6865234375,205.07733103676046,709.4500122070312,7831.3417881685555,202.22835020925368,690.0499877929688,7700.462783892751,204.41223863769727,706.0,7715.391947878584,1781895,293956,365681
2026-01-07,203.2210235595703,692.7000122070312,7859.70703125,206.12956257404787,694.7999877929688,7897.527579203336,202.50629425045074,684.5,7727.335113413321,203.99531111993934,691.7999877929688,7727.335113413321,1030370,208598,365640
2026-01-08,196.0836639404297,689.5499877929688,7713.89892578125,204.1442036234958,704.0,7910.466248901281,195.5079089420589,684.0499877929688,7686.528792182258,203.13168307362616,690.0,7834.327513616813,1548855,551592,327505
2026-01-09,192.02362060546875,680.2000122070312,7648.7080078125,197.33443842621233,710.7000122070312,7738.780626512179,191.58683989409718,675.0,7592.972464749715,194.76340623080432,686.7000122070312,7703.448273320592,1412092,861661,309566
2026-01-12,193.1155548095703,682.6500244140625,7592.97265625,194.26706482561056,687.25,7673.59014021333,185.98813465451377,664.0,7540.720583310804,192.03353951813074,681.9000244140625,7663.637364415388,1695463,519151,265168
2026-01-13,192.4604034423828,678.4000244140625,7519.322265625,195.6965280669145,695.1500244140625,7627.309885190892,190.7728388303437,675.0499877929688,7367.044792873097,194.62443407636127,685.0,7603.92086159828,910656,271917,436635
2026-01-14,195.3689422607422,671.5,7288.91552734375,196.35169887082853,683.4500122070312,7502.402573239187,192.4604031773621,670.0,7269.009975278907,192.4604031773621,677.2000122070312,7293.39427655834,1074963,269192,1655893
2026-01-16,185.79953002929688,662.25,7087.869140625,196.17301157433826,674.9000244140625,7324.247561027785,185.13443762063977,656.0999755859375,6986.350829546751,196.0439737408793,673.0,7266.521462571526,2926404,390158,819635
2026-01-19,184.28073120117188,654.5499877929688,7382.96923828125,190.09782450469143,663.7000122070312,7405.362984285744,183.8240926864789,650.0,7123.201784629133,189.61140686372102,659.0,7148.581363434225,3164759,430463,1189009
2026-01-20,179.28756713867188,626.2999877929688,7041.09130859375,185.12451839630086,657.75,7392.424297770878,178.68203297659088,621.2999877929688,7016.7070076451955,184.34029432477018,653.7000122070312,7384.959715847851,1953864,540137,569182
2026-01-21,177.24264526367188,623.6500244140625,6942.06103515625,183.1391545193022,636.0,7011.232826115872,172.45793042898683,615.0,6775.849681339606,179.02946854523606,624.0,6966.942974350359,2899554,704546,773107
2026-01-22,175.048828125,648.1500244140625,6965.94775390625,179.92288055207845,653.5,7064.480233922926,174.7113212533286,630.6500244140625,6947.535118751619,178.73167002749122,639.0,7016.706910278477,2929357,382209,435717
2026-01-23,165.92611694335938,622.9500122070312,6690.255859375,176.15070308328666,656.7000122070312,7016.706903985979,165.18160846443843,620.0,6673.833779386948,175.91247006415279,656.2000122070312,7016.706903985979,2791086,434381,368113
2026-01-27,163.35507202148438,645.5499877929688,6734.04833984375,167.3257836025494,651.0,6777.8405548826395,162.352472800208,618.8499755859375,6631.534745548168,166.7202494805545,630.0,6773.361805617298,2191968,611467,479067
2026-01-28,172.01123046875,685.5999755859375,6895.283203125,173.71863771981842,691.9500122070312,6905.733617910337,164.37753476484616,650.0,6770.375864500262,164.37753476484616,654.2000122070312,6796.750720863254,2989017,1022701,351390
2026-01-29,168.7254638671875,699.9000244140625,6984.3603515625,173.15279881863358,705.0,7000.782431477111,167.41512176865626,680.0999755859375,6817.651358489936,172.22961564226512,693.0999755859375,6867.4152370190595,3198200,1019588,339387
2026-01-30,171.20716857910156,712.75,6980.37939453125,171.8325605395232,717.0,7004.26605674965,165.04263179697514,682.0499877929688,6882.344551676565,167.36550972979967,697.0,6996.303836010183,2653537,1263036,396287
2026-02-02,170.0457305908203,656.9000244140625,7003.2705078125,171.23694106446487,678.0999755859375,7036.612305867175,164.77461326332252,638.0,6767.887366322036,167.11733375855076,663.9500122070312,6768.385005098971,1960631,878006,292881
2026-02-03,171.8126983642578,659.7999877929688,7469.55810546875,177.66949210682495,688.0,7663.139591346654,171.28658027183,651.0499877929688,7325.242858927381,174.71131610933327,687.9500122070312,7365.053961421552,2335139,579785,916405
2026-02-04,175.50546264648438,659.9000244140625,7593.9677734375,175.9025277632633,664.1500244140625,7629.797765553326,171.83255730155787,653.0,7384.959486095184,172.7259613878421,656.0,7468.56280103211,2222094,400206,354745
2026-02-05,172.66639709472656,653.5499877929688,7500.90966796875,175.52531430612518,662.0999755859375,7577.048404729794,172.01122604260394,644.2000122070312,7467.567868210646,175.50545650686195,661.0,7564.10979586844,1272322,378348,194719
2026-02-06,170.12515258789062,643.1500244140625,7587.49853515625,172.2991197304803,653.5,7607.404086504465,169.1523172871746,641.0999755859375,7488.468417198875,171.78292295327012,652.2999877929688,7500.90938679151,1146496,287851,142827
2026-02-09,179.49603271484375,670.0,7751.2216796875,180.56811156261966,673.0,7807.454862135156,171.2369449681103,644.7999877929688,7609.394626611554,171.5347513800762,647.0,7642.7364250539695,3548811,458842,262430
2026-02-10,181.99757385253906,665.5999755859375,7705.9365234375,183.4369538675103,678.8499755859375,7757.193317878188,179.03939776801738,662.75,7669.6088924261385,180.36958260132525,670.5,7753.212207630368,2228103,349425,131347
2026-02-11,182.93069458007812,658.9500122070312,7777.09912109375,183.44689136418933,667.0,7788.047174629971,179.77398591503783,654.1500244140625,7719.373020630039,182.25568083298663,666.1500244140625,7752.714820035802,1425781,236310,119349
2026-02-12,179.57542419433594,651.75,7731.31640625,183.83402082365646,657.4000244140625,7762.1700118877125,178.88055270093355,649.0,7693.495857403772,182.16631409242822,650.7000122070312,7744.255015065814,1604084,257787,145735
2026-02-13,200.193359375,639.5999755859375,7551.66845703125,208.46236847550946,653.6500244140625,7727.3349456857495,195.70645082187318,638.0,7529.274712018637,197.64218493251076,651.4000244140625,7723.851474239344,134019973,222121,160046
2026-02-16,224.96066284179688,633.2999877929688,7599.939453125,234.9172210551454,639.0,7637.760000429708,198.75397210869795,631.2999877929688,7500.411697059979,200.02459862017773,639.0,7581.526818252972,125648482,181216,107865
2026-02-17,213.69378662109375,640.3499755859375,7705.43896484375,234.5499449057922,653.7000122070312,7717.879934497657,212.1154171682094,633.2999877929688,7580.033990732369,229.45750217324402,633.2999877929688,7613.873428190996,81402370,270173,90445
2026-02-18,213.06838989257812,641.4000244140625,7793.0234375,219.27262694352567,646.0,7801.48329691491,207.9660259477614,636.0,7716.884702765804,215.41111040889845,645.0,7740.2737258540865,47620038,196113,162110
2026-02-19,215.91737365722656,630.25,7741.26904296875,220.27522921562908,646.9000244140625,7861.19999175735,210.23925461864815,629.9000244140625,7683.542943136892,216.24495919565186,641.9500122070312,7793.0234773007605,23297555,190079,264268
2026-02-20,213.32647705078125,642.1500244140625,7831.83935546875,216.39386330805243,658.0,7894.541843636818,212.14520306002632,628.2999877929688,7673.590218663624,216.19531560816893,632.5999755859375,7743.259649961478,5749694,628456,393536
2026-02-23,215.42103576660156,637.4000244140625,7936.34326171875,221.12893396029023,646.3499755859375,7967.196866072059,212.83014571975772,632.0,7793.0232931098335,215.31184058657888,643.0,7901.5085471263055,9554558,203851,328097
2026-02-24,214.18019104003906,632.6500244140625,8082.15185546875,217.21779831895125,634.5499877929688,8109.024351016766,210.26905260403248,627.1500244140625,7873.641195568412,215.31184330772902,632.0499877929688,7931.3672971159995,5588595,195770,858763
2026-02-25,218.19061279296875,631.0999755859375,8309.0751953125,219.86824092396205,640.0,8367.796574784674,214.41843361659747,628.1500244140625,8081.156620751015,215.41111155000763,633.0,8082.151898369187,5188158,173471,886874
2026-02-26,223.00509643554688,637.0499877929688,8465.8310546875,223.79924182861635,643.8499755859375,8499.172853456843,217.92259015520372,630.9000244140625,8305.591365079614,219.3520488333161,631.0,8309.074836592828,7315499,316429,629664
2026-02-27,220.12632751464844,637.7999877929688,8569.837890625,224.4941042791128,645.4500122070312,8680.811344524853,217.39646325009247,632.25,8429.503747128325,223.3028938112646,639.5,8461.850269565502,4715134,286918,926904
2026-03-02,210.91427612304688,670.8499755859375,8508.130859375,217.15821349369466,722.5,8655.431949295746,205.5438850106019,631.8499755859375,8360.332130636954,206.4770046667606,636.0,8360.332130636954,5342025,17809445,653618
2026-03-04,201.08677673339844,721.0499877929688,8244.8798828125,208.45244519967264,749.8499755859375,8434.977910047795,199.62753895595077,693.4500122070312,8227.462524296177,207.46968859024975,701.0,8380.237640425066,5152153,23157257,485905
2026-03-05,203.36000061035156,717.1500244140625,8523.5576171875,205.48433076698765,760.0,8545.453725031746,199.28009372692162,702.2000122070312,8232.936549436596,203.64787054430286,745.0,8291.657929564346,3833270,6791262,504469
2026-03-06,204.8699951171875,749.3499755859375,8511.6142578125,209.17999267578125,758.9000244140625,8589.245912642875,203.89999389648438,707.0999755859375,8439.954268738307,204.39999389648438,714.4500122070312,8521.567034072805,3287405,6637139,287941
2026-03-09,195.17999267578125,718.5499877929688,8189.6416015625,199.58999633789062,769.9000244140625,8415.071974383052,193.0,708.0,8141.37063872896,198.0,764.3499755859375,8410.095586462068,3712053,3691257,498043
2026-03-10,199.9600067138672,703.1500244140625,7686.52880859375,201.0,731.9500122070312,8323.506464621201,197.27000427246094,680.1500244140625,7647.712982679578,200.32000732421875,730.9500122070312,8323.506464621201,2731700,3729585,1056999
2026-03-11,199.02000427246094,680.7999877929688,7394.4150390625,206.4600067138672,724.9500122070312,7671.102215973378,198.0,675.5,7348.134629974888,201.99000549316406,705.0,7653.6848577146,3381646,1770158,1095711
2026-03-12,200.69000244140625,668.7999877929688,7419.79443359375,204.8000030517578,678.7000122070312,7502.402473565351,194.39999389648438,659.75,7247.611410520414,198.1999969482422,678.3499755859375,7365.05416614269,3403841,1181914,498945
2026-03-13,189.00999450683594,638.9500122070312,7159.529296875,199.91000366210938,671.3499755859375,7394.414806579942,185.0,637.1500244140625,7084.3858393210885,198.0,667.0,7394.414806579942,3775629,973499,629203
2026-03-16,188.99000549316406,634.4500122070312,7093.34326171875,190.89999389648438,648.0,7190.382825071854,185.1199951171875,625.0,6974.905230549319,189.82000732421875,640.0,7168.984357255529,2659399,899195,459070
2026-03-17,189.39999389648438,644.4500122070312,7132.65673828125,191.14999389648438,648.0,7160.5245103697,186.0500030517578,632.2000122070312,7016.7069008418075,189.0,639.7999877929688,7116.2346583005565,2214530,747462,353172
2026-03-18,194.57000732421875,654.0499877929688,7339.67431640625,196.17999267578125,656.9500122070312,7374.011391993207,190.07000732421875,641.0499877929688,7142.609360863713,190.5,650.0,7165.998383364974,2825795,585263,683932
2026-03-19,187.74000549316406,630.3499755859375,7146.09326171875,192.74000549316406,649.4000244140625,7253.583243928447,186.82000732421875,626.75,7067.9639690941085,189.3000030517578,632.0499877929688,7242.635190184867,1848145,525822,642482
2026-03-20,191.63999938964844,627.2000122070312,7137.1357421875,196.97000122070312,642.9500122070312,7311.806962763975,190.0399932861328,625.2999877929688,7092.348249731993,190.55999755859375,635.3499755859375,7170.97518093166,2684136,439389,450944
2026-03-23,181.2899932861328,584.5999755859375,6762.9111328125,189.80999755859375,625.5,7066.4707936672185,179.00999450683594,580.5,6718.123641866721,188.0,625.1500244140625,7066.4707936672185,3151165,925304,652615
2026-03-24,187.33999633789062,619.4000244140625,7031.138671875,189.0,622.5,7107.27740899701,183.10000610351562,592.25,6742.50816513797,188.0,596.9500122070312,6968.436182480404,2230788,954122,902790
2026-03-25,195.97999572753906,641.6500244140625,7111.25830078125,197.30999755859375,646.0,7236.663275714552,190.41000366210938,622.5,7070.451920048986,191.0,622.5,7086.376361310357,3558806,806916,491517
2026-03-27,189.72999572753906,625.8499755859375,7033.62646484375,194.4199981689453,635.9500122070312,7075.925760832976,187.99000549316406,616.7000122070312,6902.249827888978,193.5,631.0499877929688,7012.725636237309,2675196,825065,580456
2026-03-30,182.1300048828125,595.2999877929688,6811.18212890625,191.7100067138672,642.0,6984.360428084987,177.5,591.25,6767.887554111566,186.0,623.2000122070312,6908.719331891975,2792391,1120523,550269
2026-04-01,200.97999572753906,638.7999877929688,6892.29736328125,201.99000549316406,662.9000244140625,7154.055371446299,188.4600067138672,615.0499877929688,6849.500426585063,191.3300018310547,622.0,7114.741906341663,7247679,2086181,424350
2026-04-02,200.5500030517578,635.5499877929688,6845.51904296875,201.8800048828125,639.0,6873.386814588861,191.61000061035156,612.0,6658.904500869791,194.0,627.0499877929688,6827.60404692725,4200321,671467,387042
2026-04-06,202.25999450683594,643.4000244140625,7013.72119140625,204.0,646.0,7041.588963984564,195.60000610351562,619.1500244140625,6784.8073452272465,199.0,637.9000244140625,6892.29732517217,5222516,840872,345105
2026-04-07,198.74000549316406,640.7000122070312,7192.87109375,203.3000030517578,648.2000122070312,7205.312063539936,198.00999450683594,630.0999755859375,6909.7146213310325,199.6999969482422,639.0,7002.275436568164,2019381,540332,344147
2026-04-08,206.4600067138672,666.7999877929688,7564.607421875,208.99000549316406,676.8499755859375,7612.380746820727,204.0,652.2999877929688,7406.855921793796,207.1199951171875,676.8499755859375,7414.8181426180845,4191884,770642,713512
2026-04-09,208.58999633789062,675.0,7571.07666015625,212.0,687.5999755859375,7627.309844236548,205.0,660.0999755859375,7480.008760273997,207.2100067138672,666.0,7563.114439401517,5471271,1223301,419514
2026-04-10,213.75,681.25,7691.50537109375,215.1999969482422,697.9000244140625,7767.14646946372,209.8000030517578,678.3499755859375,7596.456359326223,210.00999450683594,679.9000244140625,7596.456359326223,3708775,607166,490409
2026-04-13,217.5500030517578,705.9000244140625,7512.35498046875,219.1999969482422,712.0,7568.090523514093,206.22999572753906,657.9000244140625,7400.386255600873,210.0,664.0,7476.0273497338385,4689832,1571122,493179
2026-04-15,219.88999938964844,754.8499755859375,7754.20751953125,223.0,774.0,7817.905283778458,219.0,715.0,7638.755321833185,220.1999969482422,715.0,7638.755321833185,2854835,3850875,494604
2026-04-16,228.32000732421875,776.7000122070312,7866.17626953125,230.0,783.2999877929688,7892.551125119607,218.10000610351562,758.0499877929688,7735.794907943524,223.0,768.0,7807.95253172299,10361403,2216339,272451
2026-04-17,241.8000030517578,809.1500244140625,8143.85888671875,247.55999755859375,825.0,8185.660545532338,229.47999572753906,776.75,7872.645743225825,230.10000610351562,776.75,7912.456846857814,24945465,2199672,683294
2026-04-20,242.05999755859375,781.5,8159.783203125,249.6999969482422,830.0,8245.874713409847,236.7100067138672,776.5,8010.98920558067,241.0,811.5999755859375,8143.858761916242,8353205,1888603,403635
2026-04-21,243.24000549316406,782.5,7917.9306640625,247.63999938964844,804.4000244140625,8265.780172841312,242.25,776.0,7888.072337128697,243.0,781.5,8161.276028573,4106709,1049337,443095
2026-04-22,245.5800018310547,817.0,8000.041015625,250.38999938964844,828.2999877929688,8064.734056930751,242.8000030517578,782.5,7859.706879869448,243.0,784.0,7907.480202679849,6097611,2803564,468978
2026-04-23,243.67999267578125,829.5999755859375,7925.89306640625,246.64999389648438,835.0,8086.630396754038,241.1999969482422,805.5499877929688,7912.456818977797,244.1999969482422,818.7000122070312,7962.220698342438,3854308,2211972,482518
2026-04-24,242.88999938964844,800.5499877929688,7995.06494140625,246.3000030517578,849.5,8049.805209273466,238.61000061035156,793.0,7863.688298524932,243.5,840.0,7962.2207806859205,4896976,2332372,616686
2026-04-27,257.5299987792969,808.0999755859375,8027.4111328125,264.6000061035156,820.0,8108.526253675957,243.17999267578125,796.2000122070312,7982.1260039868885,244.0,800.5499877929688,8049.30723905785,16055152,1356800,291146
2026-04-28,256.5400085449219,806.4500122070312,8215.021484375,260.0,823.0,8250.851478733795,254.0500030517578,803.9500122070312,8002.03207346438,258.1000061035156,808.25,8002.03207346438,4017707,1114695,363780
2026-04-29,250.9499969482422,811.2999877929688,8110.01953125,259.5,835.5499877929688,8299.122275428377,250.1199951171875,801.0,8080.658842022305,258.3999938964844,812.0,8260.804087792232,3025322,1423791,263510
2026-04-30,251.94000244140625,794.25,8072.19873046875,254.74000549316406,818.0999755859375,8124.94844167211,247.50999450683594,776.8499755859375,7932.859870686292,252.0,808.0,8094.094837005994,4883287,1142225,415486
2026-05-04,261.70001220703125,782.3499755859375,8305.09375,263.25,805.0,8323.506385193841,250.60000610351562,770.0,8024.425472991192,254.89999389648438,802.0,8072.1987967373725,7583514,1076216,435059
2026-05-05,260.29998779296875,794.5499877929688,8297.62890625,262.3999938964844,809.5999755859375,8334.45417547529,256.0,778.0499877929688,8115.493115216805,261.3999938964844,780.9500122070312,8308.079320489609,4041158,844042,462166
2026-05-06,262.3500061035156,805.0999755859375,8375.7587890625,265.0,816.0,8484.741688165625,259.0,797.0999755859375,8316.042132019691,262.5,802.0,8360.331985993107,4172382,790987,1084637
2026-05-07,261.3500061035156,869.5,8960.484375,267.0,875.75,9007.262422942353,258.0,808.0,8410.095853465511,262.5,811.0499877929688,8458.864456639454,4651205,5329874,1837111
2026-05-08,256.45001220703125,866.5999755859375,9040.1064453125,263.0,888.0,9115.747542950257,256.0,859.25,8910.222718447667,261.1000061035156,873.75,8987.356732486169,2288709,2331063,613457
2026-05-11,248.39999389648438,862.9000244140625,9022.6884765625,256.95001220703125,882.4500122070312,9092.85554264795,247.75,855.0,8920.672529416986,256.3999938964844,860.0,8961.976547041755,3189651,1769768,261216
2026-05-12,236.9499969482422,800.5999755859375,8978.896484375,249.75,867.9500122070312,9176.4590795253,235.60000610351562,795.0,8936.59718818413,248.39999389648438,860.0999755859375,9071.954935994916,4066870,2277930,617924
2026-05-13,240.60000610351562,794.0499877929688,8845.529296875,248.39999389648438,838.0,9029.655645108123,237.0,783.3499755859375,8823.135551819621,237.0,807.0,8948.540524129747,3202676,5127027,423358
2026-05-14,254.0500030517578,783.1500244140625,9173.970703125,257.29998779296875,813.0,9195.369170184093,241.60000610351562,774.0,8883.34966213639,241.60000610351562,807.8499755859375,8905.743406733116,9962606,2313702,360127
2026-05-15,246.75,753.4000244140625,9109.2783203125,254.75,788.0,9223.735245397005,244.25,746.4000244140625,9057.0262458174,254.0500030517578,787.0499877929688,9218.758857349854,3447733,1621134,202982
2026-05-18,237.5500030517578,743.5499877929688,9107.78515625,244.14999389648438,748.7999877929688,9126.695430314992,234.5,721.0,8901.26505790863,243.5,748.7999877929688,9057.025999549229,3568207,1095911,295160
2026-05-19,245.0,763.0999755859375,9119.23046875,250.60000610351562,777.3499755859375,9249.611826611528,238.0,739.0499877929688,9047.072847032741,238.89999389648438,749.5,9127.690327847886,4635220,1305245,337327
2026-05-20,241.39999389648438,761.8499755859375,9155.55859375,243.25,770.4000244140625,9194.374419943744,238.0,747.0,8973.920432715173,243.0,759.0,9025.17722884281,2870121,757873,320359
2026-05-21,237.1999969482422,790.7000122070312,9150.083984375,247.6999969482422,824.0,9265.536178010449,235.35000610351562,768.5,9132.66662757655,243.6999969482422,769.0499877929688,9191.388001925614,3083203,2784809,231631
2026-05-22,216.0,812.0,9219.75390625,225.5500030517578,826.7000122070312,9272.503618241282,213.0,786.0499877929688,9150.582114110488,220.9499969482422,794.0,9183.923913199318,19341960,2355817,177024
2026-05-25,228.60000610351562,855.75,9354.1162109375,229.4499969482422,870.0,9379.495788889184,216.64999389648438,808.0,9252.100260347395,219.1999969482422,824.0,9275.986921948981,8741247,3537820,252126
2026-05-26,230.5,858.1500244140625,9568.1005859375,236.8000030517578,881.9500122070312,9623.836127916227,226.8000030517578,853.8499755859375,9313.807175659555,230.75,858.0,9325.2528673159,4080935,1897213,424144
2026-05-27,234.39999389648438,846.6500244140625,9618.3623046875,241.0,879.8499755859375,9650.2111864911,231.25,832.2000122070312,9515.84871638216,232.0,863.0,9568.100788091191,4636808,1502398,219320
2026-05-29,231.6999969482422,819.3499755859375,9432.7431640625,240.75,854.0,9700.970469017904,230.0,814.5,9381.486369237999,235.9499969482422,850.9500122070312,9654.192423255738,3177009,1226801,496089
2026-06-01,224.72999572753906,814.5,9435.7294921875,232.77000427246094,854.0,9553.66989035471,223.75,808.8499755859375,9338.689924075241,232.49000549316406,825.0,9456.132683431617,2806531,1288714,216109
2026-06-02,227.22999572753906,853.7000122070312,9486.48828125,228.08999633789062,860.5,9510.374943239194,221.75,805.7000122070312,9276.484711261672,222.0,810.5999755859375,9375.514830758537,1521948,1624638,256995
2026-06-03,228.02000427246094,839.3499755859375,9526.2998046875,229.4499969482422,864.1500244140625,9594.476322121664,221.10000610351562,825.0499877929688,9434.734263024098,227.0,860.7000122070312,9480.01939504241,1792655,1214263,162922
2026-06-04,237.6699981689453,893.7999877929688,9671.6103515625,238.61000061035156,917.6500244140625,9728.341176367137,225.02000427246094,842.5999755859375,9487.483990354467,227.39999389648438,844.9500122070312,9519.830513269391,4223885,7313338,259390
2026-06-05,237.77999877929688,960.1500244140625,9653.197265625,240.5,994.0,9786.564461582702,235.1999969482422,905.0499877929688,9610.400329608723,238.60000610351562,908.0,9708.932810204338,2382489,14940270,256030
2026-06-08,239.3699951171875,964.75,9450.1611328125,243.85000610351562,984.4000244140625,9653.197770105155,232.16000366210938,941.0,9387.95628070078,234.00999450683594,948.0,9545.210146839208,4779777,5893343,199100
2026-06-09,239.3699951171875,1039.1500244140625,9570.091796875,242.3699951171875,1047.949951171875,9652.202199167361,236.3800048828125,961.0,9378.998496994598,241.10000610351562,968.0499877929688,9457.127788872784,1954446,8486137,232863
2026-06-10,232.0500030517578,1040.5,9478.5263671875,239.89999389648438,1066.75,9638.766063214925,231.0,1001.0499877929688,9433.738874509027,238.5,1045.0,9575.565934657525,2000951,5841234,391667
2026-06-11,223.9499969482422,989.0999755859375,9327.7412109375,233.0,1044.8499755859375,9480.018676288913,220.0,968.0999755859375,9308.33329868683,231.8000030517578,1028.0,9435.231186479674,1775617,3765768,187312
2026-06-12,234.67999267578125,1097.1500244140625,9508.8818359375,238.5,1105.199951171875,9530.77794232128,225.10000610351562,1006.9500122070312,9338.689372681763,225.10000610351562,1008.0,9435.231296282971,3699138,6088215,162406
2026-06-15,236.07000732421875,1108.1500244140625,9510.873046875,242.2899932861328,1133.0,9635.282750815913,235.10000610351562,1040.0,9494.948604770563,240.0,1125.5,9633.789834368623,2391782,6807197,197986
2026-06-16,232.25999450683594,1089.3499755859375,9546.205078125,241.3000030517578,1116.5,9625.329647140372,231.0,1075.5,9430.255237995556,238.5500030517578,1108.5999755859375,9554.66493770526,3310923,2442273,339718
2026-06-17,243.19000244140625,1285.6500244140625,9879.623046875,244.64999389648438,1302.0,9940.33498017066,233.5,1091.699951171875,9554.664912103965,233.5,1093.3499755859375,9554.664912103965,6865480,14160494,591839
2026-06-18,253.14999389648438,1310.300048828125,9905.5,255.5399932861328,1348.4000244140625,9966.709570459683,241.63999938964844,1276.25,9858.224315498619,245.74000549316406,1290.0,9902.016528510425,10768293,17292975,264707
2026-06-19,250.74000549316406,1408.6500244140625,10083.0,258.8999938964844,1443.0,10120.0,248.1999969482422,1299.0,9831.0,253.5,1305.0,9900.0,6016884,19692749,470348
2026-06-22,258.5,1378.8499755859375,10022.5,261.92999267578125,1417.6500244140625,10126.0,251.00999450683594,1360.9000244140625,9992.0,251.75,1408.6500244140625,10090.0,7510440,4936996,157543
2026-06-23,260.239990234375,1333.0,9920.5,265.0,1383.4000244140625,10075.0,257.3500061035156,1321.0,9891.5,258.5,1378.8499755859375,10022.5,7878530,3166452,260444
2026-06-24,254.60000610351562,1290.3499755859375,9827.0,261.7699890136719,1357.9000244140625,9939.5,253.44000244140625,1282.5999755859375,9751.5,260.239990234375,1331.0,9900.0,1657933,2070125,123876
