Date,Close,High,Low,Open,Volume,MA_20,MA_50,Returns,Cumulative_Returns,rolling_max,drawdown,rolling_volatility,change,gain,loss,avg_gain,avg_loss,RS,RSI
2025-06-24,229.1206817626953,231.69231455908428,224.89653106106408,224.89653106106408,8587220,,,,,,,,,,,,,,
2025-06-25,230.4309539794922,231.35009874716715,224.94543343132844,229.68780803785924,3776982,,,0.005718699013622652,1.0057186990136227,1.0057186990136227,0.0,,1.310272216796875,1.310272216796875,-0.0,,,,
2025-06-26,227.9668731689453,232.6408089085028,226.50992929757868,230.76341343706744,2563673,,,-0.010693358544035636,0.9949641883706289,1.0057186990136227,-0.010693358544035619,,-2.464080810546875,0.0,2.464080810546875,,,,
2025-06-27,232.7483673095703,234.47909707749437,225.90368983394828,229.33580131116213,7628000,,,0.02097451298146047,1.015833077655697,1.015833077655697,0.0,,4.781494140625,4.781494140625,-0.0,,,,
2025-06-30,235.4666748046875,238.39033519362872,231.05675237339943,231.74121711924505,6333600,,,0.011679168909063398,1.0276971637530516,1.0276971637530516,0.0,,2.7183074951171875,2.7183074951171875,-0.0,,,,
2025-07-01,233.2274932861328,236.53248445342984,231.39897649678264,235.4666740013769,2216448,,,-0.009509547456819645,1.017924228803103,1.0276971637530516,-0.009509547456819735,,-2.2391815185546875,0.0,2.2391815185546875,,,,
2025-07-02,229.2575836181641,233.78483859976177,228.66111828535583,233.11014659311823,2342901,,,-0.017021619587096803,1.0005975098119277,1.0276971637530516,-0.02636929914466102,,-3.9699096679687216,0.0,3.9699096679687216,,,,
2025-07-03,229.5704803466797,230.71451750080715,226.7055010916808,229.2478009052264,2574523,,,0.0013648260771899068,1.0019631513860903,1.0276971637530516,-0.025040462574581045,,0.3128967285155966,0.3128967285155966,-0.0,,,,
2025-07-04,237.6080780029297,240.24816477447536,228.6122195975608,229.78558983822415,12171759,,,0.035011459853689475,1.0370433440357205,1.0370433440357205,0.0,,8.03759765625,8.03759765625,-0.0,,,,
2025-07-07,231.2914123535156,238.56632873733773,230.37228252670985,238.2925428450616,3979136,,,-0.026584389312455103,1.0094741800439846,1.0370433440357205,-0.026584389312455117,,-6.316665649414091,0.0,6.316665649414091,,,,
2025-07-08,236.25868225097656,237.11916068069783,230.25492348044693,231.29140072340505,4073192,,,0.02147624006838944,1.0311538898774497,1.0370433440357205,-0.005679081971011563,,4.967269897460966,4.967269897460966,-0.0,,,,
2025-07-09,240.55130004882807,244.8438901222942,235.48624578182367,237.36364127771407,11925363,,,0.018169143063667237,1.04988907242329,1.04988907242329,0.0,,4.292617797851506,4.292617797851506,-0.0,,,,
2025-07-10,244.58966064453125,245.23501953208773,239.91572491988808,242.10602708968,6305648,,,0.01678793918338184,1.0675145463204294,1.0675145463204294,0.0,,4.038360595703182,4.038360595703182,-0.0,,,,
2025-07-11,244.9612274169922,249.78182871197995,242.80025844047915,244.40386795908063,7286224,,,0.001519143415473101,1.0691362540143938,1.0691362540143938,0.0,,0.3715667724609375,0.3715667724609375,-0.0,,,,
2025-07-14,243.5531768798828,245.96837135465836,240.7370762958049,244.96122717192176,3120289,,,-0.005748054710358219,1.0629908003334916,1.0691362540143938,-0.005748054710358283,,-1.408050537109375,0.0,1.408050537109375,2.2021702357700894,1.1712777273995536,1.8801435255319863,65.27950808231712
2025-07-15,241.489990234375,245.2545686517732,239.1725828777072,242.4971343973276,2335530,,,-0.008471195785408892,1.0539859971457781,1.0691362540143938,-0.014170557598930454,,-2.0631866455078125,0.0,2.0631866455078125,2.108579363141741,1.318648202078683,1.599046174573196,61.52434651669028
2025-07-16,241.108642578125,246.2128172850512,240.29705764286305,241.42153434533483,1939321,,,-0.0015791447748202403,1.0523216006656517,1.0691362540143938,-0.015727325011761998,,-0.38134765625,0.0,0.38134765625,2.108579363141741,1.1698815482003349,1.8023870590876778,64.31613553319963
2025-07-17,234.68441772460935,241.8420015583744,233.4719416077858,241.3628687869189,2565470,,,-0.026644523335301207,1.0242829932204742,1.0691362540143938,-0.041952801268785464,,-6.424224853515653,0.0,6.424224853515653,1.7670440673828125,1.6287547520228816,1.0849049343912447,52.03618239351607
2025-07-18,230.010498046875,235.83825869610425,228.15266294780636,234.674661114179,2032788,,,-0.019915764851584528,1.003883613986018,1.0691362540143938,-0.06103304399543561,,-4.673919677734347,0.0,4.673919677734347,1.5728792463030135,1.9626061575753349,0.8014237804319323,44.48835355330841
2025-07-21,229.82470703125,233.64795189086607,228.0157655062127,230.01049352154425,2084897,235.1860450744629,,-0.0008077501557651745,1.003072726840451,1.0691362540143938,-0.06179149470040655,,-0.185791015625,0.0,0.185791015625,1.5728792463030135,1.8159354073660714,0.8661537408890554,46.413846936127065
2025-07-22,236.85516357421875,237.87209540913128,230.7731777238017,231.5456567991965,3546667,235.57276916503906,,0.030590516719391614,1.0337572398616295,1.0691362540143938,-0.03309121173276389,0.018060989665237965,7.03045654296875,7.03045654296875,-0.0,2.075054713657924,1.5323704310825914,1.3541469292068864,57.52176775402457
2025-07-23,235.2613525390625,237.60809317018905,233.207943296667,237.55919963199617,1113272,235.81428909301758,,-0.00672905336368923,1.0268010322295005,1.0691362540143938,-0.039597592566834226,0.01813374660361178,-1.59381103515625,0.0,1.59381103515625,2.0527049473353816,1.6462140764508948,1.2469246720091522,55.49472519228598
2025-07-24,229.5020294189453,236.53247806921732,228.12331230980757,235.50578844176903,1843233,235.89104690551758,,-0.024480532216446083,1.0016643964801262,1.0691362540143938,-0.06310875464275414,0.01885704498638678,-5.7593231201171875,0.0,5.7593231201171875,1.4785908290318102,2.0575942993164085,0.7186017328698083,41.81316235902141
2025-07-25,224.29031372070312,230.76341839441727,222.07067835763948,228.7100091270596,2412302,235.46814422607423,,-0.022708800054784928,0.9789177999784622,1.0691362540143938,-0.08438443060665028,0.018891046841744637,-5.2117156982421875,0.0,5.2117156982421875,1.4785908290318102,1.9786693028041296,0.7472652589982477,42.76770542708977
2025-07-28,211.6765289306641,223.61560824709403,210.5031586713123,221.1808533957745,3511923,234.27863693237305,,-0.056238651508358606,0.9238647829701443,1.0691362540143938,-0.13587741552939026,0.022181174740035323,-12.613784790039034,0.0,12.613784790039034,1.1237858363560267,2.8796539306640603,0.3902503090351822,28.070506907925918
2025-07-29,211.7351837158203,214.2774982399678,209.0657639096135,211.2071723498388,2605197,233.20402145385742,,0.0002770963103586599,0.9241207824927756,1.0691362540143938,-0.13563797034953587,0.022186169097501617,0.05865478515622158,0.05865478515622158,-0.0,0.8213599068777923,2.8796539306640603,0.28522868603463863,22.1928353400409
2025-07-30,210.94317626953125,214.40463578501843,209.6524734259453,212.42945326172625,1728627,232.28830108642578,,-0.0037405566348956976,0.9206640563683772,1.0691362540143938,-0.13887116547449688,0.021992300221494177,-0.7920074462890625,0.0,0.7920074462890625,0.5329055786132793,2.936225891113279,0.18149338585500535,15.361354369636615
2025-07-31,209.0462188720703,211.50053416892155,207.29594364861003,208.95821945797616,1889145,231.2620880126953,,-0.00899274122542415,0.9123847627539071,1.0691362540143938,-0.14661507424513578,0.021983186823288856,-1.8969573974609375,0.0,1.8969573974609375,0.5063650948660694,3.0717228480747747,0.16484725996143745,14.151834805096655
2025-08-01,202.3482208251953,208.81155245454912,201.71263469135,208.7626589180668,2133327,229.49909515380858,,-0.032040751959134806,0.8831512688792151,1.0691362540143938,-0.17395816897691205,0.020726881762432554,-6.697998046875,0.0,6.697998046875,0.5063650948660694,3.449576241629462,0.14679052132701373,12.800116376716687
2025-08-04,206.4843597412109,207.19815763732177,201.00862675756565,201.96687741866637,1805332,228.25874252319335,,0.020440698213940456,0.9012034974436337,1.0691362540143938,-0.15707329719687838,0.021146027367206176,4.136138916015597,4.136138916015597,-0.0,0.8018035888671834,3.302205766950333,0.24280848785739614,19.53707994672601
2025-08-05,205.48699951171875,209.0560190277359,204.5678695981075,207.29595603958356,1086132,226.72015838623048,,-0.0048301974577743545,0.8968505066013441,1.0691362540143938,-0.1611447996138481,0.020179620755014546,-0.9973602294921591,0.0,0.9973602294921591,0.8018035888671834,3.3462066650390585,0.23961568101706723,19.329836229602222
2025-08-06,200.4219207763672,207.29593087546007,199.59077546279127,205.9563345871949,1348119,224.71368942260742,,-0.02464914445871158,0.874743908906259,1.0691362540143938,-0.1818218626281078,0.019660616657149455,-5.0650787353515625,0.0,5.0650787353515625,0.8018035888671834,3.249124799455909,0.24677525129273323,19.793082276606114
2025-08-07,198.73031616210935,200.3436983696045,193.782579890686,200.10901835460749,2029392,222.42072219848632,,-0.00844021755557045,0.86736088000968,1.0691362540143938,-0.18872746410673796,0.018712327055386203,-1.691604614257841,0.0,1.691604614257841,0.8018035888671834,3.036102294921873,0.26408978057434523,20.891694928057618
2025-08-08,194.85818481445312,199.98192008678487,194.0954933892108,198.66186920144327,1016810,219.9155700683594,,-0.019484351569680092,0.8504609156857843,1.0691362540143938,-0.2045345834149082,0.018611510422928246,-3.8721313476562216,0.0,3.8721313476562216,0.8018035888671834,3.299412318638389,0.2430140617278395,19.55038717663743
2025-08-11,198.52496337890625,199.76678750931683,191.07404843686592,191.07404843686592,2237404,217.66415939331054,,0.018817677933029575,0.8664646152917889,1.0691362540143938,-0.1895657713987467,0.01976575456721296,3.666778564453125,3.666778564453125,-0.0,0.5615408761160674,3.299412318638389,0.17019421093384465,14.544099547204667
2025-08-12,197.5960693359375,200.20682318855685,195.7577796892129,200.20682318855685,1264566,215.46946334838867,,-0.004678978538310341,0.8624104459526333,1.0691362540143938,-0.19335777576108404,0.019799164917841748,-0.92889404296875,0.0,0.92889404296875,0.5615408761160674,3.251918247767853,0.17267988717167607,14.725236533914938
2025-08-13,196.77468872070312,199.96234717232068,195.18085203478856,198.3489650091861,1573524,213.25276565551758,,-0.004156867178556678,0.8588255202754084,1.0691362540143938,-0.19671088034786072,0.01975122173526342,-0.821380615234375,0.0,0.821380615234375,0.5615408761160674,2.8992080688476523,0.1936876770418423,16.225992842770466
2025-08-14,186.08721923828125,195.94355644978396,185.00184837188985,194.5843996819796,3893290,210.82290573120116,,-0.05431323282432621,0.812179929837217,1.0691362540143938,-0.24034010932877545,0.021842547004560748,-10.687469482421875,0.0,10.687469482421875,0.5615408761160674,3.2903333391462013,0.17066382589120285,14.57838041260733
2025-08-18,187.0650177001953,189.6953316447716,185.79386043193543,188.46329517134464,1683664,208.67563171386718,,0.005254517026566985,0.8164475431071826,1.0691362540143938,-0.2363484634988435,0.022044439810095576,0.9777984619140625,0.9777984619140625,-0.0,0.6313836233956432,2.3893487112862704,0.26424925772167734,20.901673946630183
2025-08-19,191.63140869140625,193.07857981280532,187.25081928985665,187.8472846374057,3093602,206.765966796875,,0.02441071584281662,0.8363776120825378,1.0691362540143938,-0.21770718283838347,0.023286870901215177,4.5663909912109375,4.5663909912109375,-0.0,0.9533647809709801,2.3893487112862704,0.39900612935553903,28.52068486214165
2025-08-20,190.0082550048828,192.43322229002212,189.3628961153836,191.65097044701216,1840813,204.4236213684082,,-0.008470186059829521,0.8292933380919227,1.0691362540143938,-0.2243333485530106,0.02136979859480957,-1.6231536865234375,0.0,1.6231536865234375,0.9533647809709801,2.44871629987444,0.38933247637542356,28.022988233251283
2025-08-21,190.8980407714844,194.09548697641264,190.01801682380716,190.01801682380716,2227545,202.2054557800293,,0.004682879523201455,0.8331768188836007,1.0691362540143938,-0.2207009950741193,0.021633198727889845,0.8897857666015909,0.8897857666015909,-0.0,1.016920907156808,2.3132193429129444,0.43961283233791404,30.53687925412474
2025-08-22,187.26058959960935,191.25984815024407,186.7619113332944,191.25006049076703,1260974,200.0933837890625,,-0.01905441856383061,0.8173011190389117,1.0691362540143938,-0.23555008450035378,0.021477709628662318,-3.637451171875057,0.0,3.637451171875057,1.016920907156808,2.09460885184152,0.4854944188089152,32.68234553167757
2025-08-25,189.38243103027344,190.3309089124809,186.6641175906103,187.7397156797772,1775676,198.347989654541,,0.011330955622861794,0.8265619217492569,1.0691362540143938,-0.2268881364319268,0.021755838269152724,2.121841430664091,2.121841430664091,-0.0,0.8730425153459862,2.09460885184152,0.41680455736565436,29.418634715619703
2025-08-26,191.3380584716797,192.42342933041095,187.01613543534955,189.36289089974252,3242091,197.3310661315918,,0.010326340362024622,0.8350972814835289,1.0691362540143938,-0.2189047201908037,0.018926665653014048,1.95562744140625,1.95562744140625,-0.0,1.012730189732147,2.0233688354492227,0.5005168469481263,33.356296396546185
2025-08-28,195.82623291015625,196.9311493059188,188.4633165307185,191.62164220179275,4264872,196.5356185913086,,0.023456778407421996,0.8546859733639286,1.0691362540143938,-0.20058274129723608,0.019940697376552696,4.4881744384765625,4.4881744384765625,-0.0,1.3333140781947586,1.6615774972098254,0.8024386948148386,44.519610965035994
2025-08-29,195.89535522460935,197.83120386101615,195.01632552911693,197.83120386101615,2420666,195.7832275390625,,0.0003529778080590962,0.8549876585453855,1.0691362540143938,-0.2003005647455345,0.019961327897184546,0.06912231445309658,0.06912231445309658,-0.0,1.3382513863699796,1.5407485961914082,0.8685721925549804,46.48320230899635
2025-09-01,198.60159301757807,200.1028624981598,193.66322044922,195.55955370698345,2817978,195.2609962463379,,0.013814711379275924,0.8667990662810329,1.0691362540143938,-0.18925294785732416,0.02028006965700775,2.7062377929687216,2.7062377929687216,-0.0,1.5315540858677454,1.2641677856445352,1.211511718032653,54.782061887983396
2025-09-02,200.922607421875,206.720266728752,197.12006980734705,199.2633215691463,3390477,195.18971557617186,,0.011686786440285424,0.8769291618552981,1.0691362540143938,-0.17977792020184175,0.019242544921607836,2.321014404296932,2.321014404296932,-0.0,1.4354280744280175,1.2641677856445352,1.1354727518991201,53.171961613151964
2025-09-03,199.44110107421875,203.7473624219768,198.72010292158856,201.58436796408623,1929159,194.83755264282226,215.5722900390625,-0.007373517428755805,0.8704631093965739,1.0691362540143938,-0.18582584200268376,0.018670773908554397,-1.48150634765625,0.0,1.48150634765625,1.4354280744280175,1.3036400931222138,1.101092304541027,52.40570831473085
2025-09-04,197.1497039794922,201.73251297371635,195.8657241385884,201.07077287917963,1609931,194.42068786621093,214.93287048339843,-0.011489091678619778,0.8604622789298603,1.0691362540143938,-0.19517996354627795,0.018791033749767965,-2.2913970947265625,0.0,2.2913970947265625,1.4354280744280175,1.4086412702287987,1.0190160580733716,50.47092389377818
2025-09-05,198.7200927734375,199.91518546768853,195.30274767712868,197.2484675145033,1289520,194.33559646606446,214.29865325927733,0.007965463615956958,0.8673162599055795,1.0691362540143938,-0.18876919882851267,0.018115847726422173,1.5703887939453125,1.5703887939453125,-0.0,1.5475987025669684,0.6452505929129505,2.3984459984459896,70.57478622707936
2025-09-08,198.36453247070312,200.3892681027498,197.5348895515584,199.4114649740118,926628,194.31730728149415,213.7066064453125,-0.001789251895829902,0.8657644126432593,1.0691362540143938,-0.1902206950774644,0.018018722487768504,-0.355560302734375,0.0,0.355560302734375,1.4777559552873925,0.6706477573939773,2.2034755786401194,68.78390437349606
2025-09-09,203.1646423339844,210.2758957442772,199.33247550890349,199.51024968557027,14297066,194.7326301574707,213.11493194580078,0.024198428032945918,0.8867145504760929,1.0691362540143938,-0.17062530884472743,0.01817125095707161,4.800109863281278,4.800109863281278,-0.0,1.494450160435274,0.6706477573939773,2.2283682364680564,69.02459921690861
2025-09-10,206.39434814453125,214.2759866895876,203.6090987305246,204.15232273723345,8228418,195.12609939575196,212.53348541259766,0.015896987652199268,0.9008106407360368,1.0691362540143938,-0.15744074962038548,0.01804236343313541,3.2297058105468466,3.2297058105468466,-0.0,1.7251434326171915,0.5547082083565888,3.110001630818125,75.66910941101153
2025-09-11,206.34495544433597,207.26350056928183,204.942459457977,207.26350056928183,1990552,195.56354370117188,211.9958346557617,-0.000239312271093306,0.9005950656957772,1.0691362540143938,-0.15764238438812456,0.017981744985414633,-0.04939270019528408,0.0,0.04939270019528408,1.6615873064313635,0.5582362583705377,2.976494775315114,74.85222396851368
2025-09-12,206.22642517089844,207.77706619804437,204.47823720005653,207.0165677335349,1725394,196.03613052368163,211.5352114868164,-0.0005744277740267201,0.9000777388768901,1.0691362540143938,-0.1581262579981949,0.017931555945301027,-0.11853027343752842,0.0,0.11853027343752842,1.6615873064313635,0.306884765625,5.414368820320497,84.41000154478122
2025-09-15,208.28079223632807,215.31302947736333,207.5301500112405,210.4734307146448,6840679,197.14580917358398,211.1094177246094,0.009961706234917322,0.9090440489001703,1.0691362540143938,-0.14973975909348236,0.011987201996128495,2.0543670654296307,2.0543670654296307,-0.0,1.6567677089146164,0.306884765625,5.398663910671654,84.37173738204618
2025-09-16,206.28570556640625,210.76974135861067,205.9795288695208,209.0906976503656,2265727,198.10684356689453,210.4829702758789,-0.009578831770805207,0.9003364688835039,1.0691362540143938,-0.15788425890253024,0.012466645609238955,-1.9950866699218182,0.0,1.9950866699218182,1.5170800345284559,0.4493909563337013,3.375857954297433,77.14733863749115
2025-09-17,207.4709014892578,211.8463073279325,206.72027430039404,207.016579662296,2867910,198.8988182067871,210.00656005859375,0.005745409841158455,0.905509270892181,1.0691362540143938,-0.15304595883623442,0.011603955525989607,1.1851959228515625,1.1851959228515625,-0.0,1.2811529976980987,0.4493909563337013,2.8508651089693076,74.0318091726757
2025-09-18,204.89306640625,208.39931379948413,204.23132631783716,208.39931379948413,1588960,199.64305877685547,209.37924774169923,-0.012425044015829334,0.8942582783446041,1.0691362540143938,-0.16356940007707876,0.011859295032710177,-2.5778350830078125,0.0,2.5778350830078125,1.2762156895228773,0.6335220336914021,2.014477195191826,66.82675186280966
2025-09-19,204.05355834960935,206.57211627570464,203.065883846602,204.8930726347355,1613527,200.30083465576172,208.64929290771485,-0.004097298514612158,0.8905942352290631,1.0691362540143938,-0.16699650593171916,0.011988446756215682,-0.8395080566406534,0.0,0.8395080566406534,1.0829129900251115,0.6934868948800202,1.5615478793041442,60.96110449156803
2025-09-22,205.14987182617188,208.65610415572576,203.8560056045654,204.54738979361437,1893719,201.19529876708984,207.86049713134764,0.005372675122303772,0.8953791087207454,1.0691362540143938,-0.16252104878234638,0.010761307090333348,1.0963134765625284,1.0963134765625284,-0.0,0.995434352329797,0.6934868948800202,1.4354047058120927,58.93906266939945
2025-09-23,201.18930053710935,205.9202700175089,200.5473181151837,204.9819671490857,1959186,201.7856422424316,206.98505859375,-0.019305745861827317,0.8780931471977933,1.0691362540143938,-0.17868920457918408,0.011879259449608125,-3.9605712890625284,0.0,3.9605712890625284,0.995434352329797,0.8705629621233258,1.1434375176057416,53.345969183322964
2025-09-24,200.15223693847656,204.1918372090688,199.2139491516409,201.13991146582305,1713821,202.22635116577146,206.11703979492188,-0.005154665759382615,0.8735668705183843,1.0691362540143938,-0.18292278721415103,0.011887653507419944,-1.037063598632784,0.0,1.037063598632784,0.995434352329797,0.7809677124023418,1.274616525781498,56.03654555985315
2025-09-25,196.39907836914065,201.09053219674465,196.00399953070183,200.1522293746505,1917041,202.2549934387207,205.21522155761718,-0.018751519477094636,0.8571861643313142,1.0691362540143938,-0.1982442264839951,0.011682832065846492,-3.753158569335909,0.0,3.753158569335909,0.8832637241908462,1.0490504673549066,0.8419649499017164,45.71015045354918
2025-09-26,193.4459228515625,196.7348806545766,191.6286054385249,196.39907495078597,1449456,202.13252182006835,204.26196716308593,-0.015036503949512281,0.8442970811858791,1.0691362540143938,-0.2102998303390128,0.012169637950116868,-2.9531555175781534,0.0,2.9531555175781534,0.8832637241908462,1.2345929827008908,0.715429081946141,41.705546995536075
2025-09-29,190.2359771728516,197.7818093979912,189.48535001332823,194.4730939490642,1821048,201.71424102783203,203.3729983520508,-0.016593503917753827,0.8302872342614731,1.0691362540143938,-0.22340372319813326,0.012178910991623243,-3.209945678710909,0.0,3.209945678710909,0.5403987339564692,1.4638748168945273,0.36915638394741584,26.96232426591773
2025-09-30,190.69032287597656,194.32495780064167,188.77423193539505,191.01624219862103,2261111,201.2026268005371,202.5865948486328,0.00238832690785995,0.8322702316043123,1.0691362540143938,-0.22154895741370356,0.011797250979133542,0.4543457031249716,0.4543457031249716,-0.0,0.3421587262834781,1.4638748168945273,0.23373496308197694,18.945314032285083
2025-10-01,199.1744537353516,200.0040967419013,190.7397046232764,190.76933365417332,2494793,201.18929443359374,201.97358978271484,0.0444916696947073,0.869299323845589,1.0691362540143938,-0.18691437075345355,0.015726036268479383,8.484130859375028,8.484130859375028,-0.0,0.9481680733816944,1.4603467668805783,0.6492759766963158,39.36733365854804
2025-10-03,198.7793731689453,200.29051401461177,196.55710544641025,199.1744520287154,1429783,201.2707778930664,201.21207397460938,-0.0019835905609222326,0.8675749899121927,1.0691362540143938,-0.1885271997328485,0.015500996666001035,-0.3950805664062784,0.0,0.3950805664062784,0.9481680733816944,1.480100359235489,0.6406106636386794,39.04708641950925
2025-10-06,195.86572265625,199.50037255972944,195.21385388601,199.50037255972944,955107,201.12805938720703,200.42416137695312,-0.01465771053729481,0.8548583268406633,1.0691362540143938,-0.2004215331480525,0.015752828366658873,-2.9136505126953125,0.0,2.9136505126953125,0.8014275687081494,1.6882182529994398,0.4747179858316668,32.1904249078477
2025-10-07,199.1349334716797,199.70778650628768,195.55955650368628,196.7447629228985,1628215,201.16657943725585,199.8168194580078,0.016691081885559234,0.869126837174513,1.0691362540143938,-0.1870757034838967,0.016215028442662115,3.2692108154296875,3.2692108154296875,-0.0,1.034942626953127,1.5457120622907385,0.6695571912787861,40.10387872762497
2025-10-08,197.15956115722656,201.47570858260983,196.1916444539718,199.5102310787036,1146607,200.86632537841797,199.27420440673828,-0.009919767868022289,0.8605053007018735,1.0691362540143938,-0.19513972379961175,0.015341566839658302,-1.975372314453125,0.0,1.975372314453125,0.9502857753208725,1.686810084751676,0.5633626357295397,36.03531406305152
2025-10-09,199.9349365234375,202.0782033940932,194.0780341269844,197.15957366301257,2385290,200.5433547973633,199.03937255859375,0.014076798253764178,0.8726184602161484,1.0691362540143938,-0.18380986806906996,0.015238682580903991,2.7753753662109375,2.7753753662109375,-0.0,1.148526872907368,1.5026790073939753,0.7643195035373547,43.320923563160754
2025-10-10,200.38926696777344,203.164629738939,197.6336619052516,199.90530106565544,2159142,200.24557037353514,198.8124542236328,0.002272391470125479,0.8746013909618177,1.0691362540143938,-0.1819551645752695,0.015259776407839805,0.4543304443359375,0.4543304443359375,-0.0,1.1809790475027921,1.4427141462053572,0.8185814567695315,45.01208641067048
2025-10-13,197.10031127929688,200.2904955402574,196.2212816196248,200.2509951932826,951302,199.78926467895508,198.53559692382814,-0.01641283357259593,0.8602467038896005,1.0691362540143938,-0.19538159831401722,0.015623826306657457,-3.2889556884765625,0.0,3.2889556884765625,1.1026709420340401,1.6776395525251115,0.6572752414988946,39.65999280267007
2025-10-14,193.72247314453125,198.5225717508889,193.07060436658617,196.971915573418,1180954,199.06134872436525,198.22912200927735,-0.017137660071876448,0.8455040883003884,1.0691362540143938,-0.2091708749696881,0.0156934746872966,-3.377838134765625,0.0,3.377838134765625,1.1026709420340401,1.6360157557896184,0.6739977522415969,40.26276327665722
2025-10-15,197.3373565673828,198.28551559230195,193.88049601965335,194.1274146302055,983523,198.61393127441406,198.1289047241211,0.018660113946380452,0.8612812909302041,1.0691362540143938,-0.19441391338450614,0.016373454853099375,3.6148834228515625,3.6148834228515625,-0.0,1.3608769008091517,1.5619397844587053,0.8712736011655965,46.56046024605324
2025-10-16,197.30772399902344,198.3151410610821,195.55953604788587,197.53488489685444,757292,198.10577239990235,197.94537200927735,-0.00015016198085771038,0.8611519592254824,1.0691362540143938,-0.19453488178702372,0.016277778243053355,-0.029632568359375,0.0,0.029632568359375,1.3608769008091517,1.2959736415318102,1.0500806939257092,51.22143226054701
2025-10-17,196.28054809570312,197.189206822266,194.9175675412172,196.96204590830445,816129,197.675146484375,197.76124298095704,-0.0052059589077485535,0.8566688375124274,1.0691362540143938,-0.19872810009406525,0.016122696103733285,-1.0271759033203125,0.0,1.0271759033203125,1.3608769008091517,1.1584036690848214,1.1747864212863648,54.018473252720156
2025-10-20,195.7175750732422,197.28797385138265,194.92743248923105,197.28797385138265,599872,197.25834732055665,197.66715606689453,-0.0028682058814428757,0.8542117349142254,1.0691362540143938,-0.20102631287001035,0.01611671351248104,-0.5629730224609375,0.0,0.5629730224609375,1.3608769008091517,0.9693341936383949,1.4039295319822584,58.40144285862618
2025-10-21,196.8237762451172,197.58428984186045,195.82623040991052,196.84353395522817,215511,196.8420425415039,197.6290252685547,0.005652027782691693,0.8590397633722618,1.0691362540143938,-0.1965104913927121,0.016123523624017037,1.106201171875,1.106201171875,-0.0,1.407438005719868,0.9693341936383949,1.4519636415971782,59.216361000010075
2025-10-23,196.5077209472656,200.26087191040173,195.67806293126952,197.7818143938938,1095001,196.60796356201175,197.66201599121095,-0.0016057780410532185,0.8576603361838471,1.0691362540143938,-0.19780071720185036,0.015597786261749583,-0.3160552978515909,0.0,0.3160552978515909,0.8014286586216518,0.9919095720563657,0.807965444834028,44.689208366380015
2025-10-24,198.0583648681641,199.1843131873129,195.5595496066256,196.5472240995884,1310747,196.5032699584961,197.6526840209961,0.007891007607353062,0.8644281404211988,1.0691362540143938,-0.191470556558677,0.015690144161310548,1.5506439208984943,1.5506439208984943,-0.0,0.91218893868583,0.9636895315987744,0.946558937059839,48.6272939924213
2025-10-27,198.41392517089844,199.86580785839843,197.0410582500799,198.51269864692944,1216284,196.604012298584,197.6690411376953,0.0017952299210943767,0.8659799876835189,1.0691362540143938,-0.19001906030972532,0.015087071236206376,0.3555603027343466,0.3555603027343466,-0.0,0.9375861031668548,0.7555716378348235,1.2408963706652811,55.37500024139365
2025-10-28,195.33238220214844,199.8756756763734,194.91756073737463,199.06579045582916,1232256,196.69833526611328,197.64019500732422,-0.015530880537219294,0.8525305559471835,1.0691362540143938,-0.20259877752147962,0.015114448708482492,-3.08154296875,0.0,3.08154296875,0.704071044921877,0.9756818498883949,0.7216194961527812,41.915155919490275
2025-10-29,198.7991180419922,200.20161399449415,195.39164410162243,196.10277093256943,1710904,197.12649230957032,197.89443298339845,0.017747880821194606,0.8676611666505609,1.0691362540143938,-0.18844659565825594,0.015009571590033422,3.46673583984375,3.46673583984375,-0.0,0.9516950334821449,0.8345838274274574,1.1403228797467524,53.27807736567661
2025-10-30,202.49302673339844,204.6461498724895,197.82131557768628,198.17687899441063,4066035,197.7166275024414,198.2029931640625,0.018581112068243533,0.8837832760253579,1.0691362540143938,-0.1733670309028175,0.015444467469308967,3.69390869140625,3.69390869140625,-0.0,1.0173045567103816,0.8345838274274574,1.2189363408180904,54.9333623680563
2025-10-31,199.68801879882807,206.12766061746976,198.226264790671,203.4609425400685,2353104,197.74230575561523,198.36412536621094,-0.013852368053461128,0.871540784806361,1.0691362540143938,-0.18481785503587703,0.012435660954887916,-2.8050079345703693,0.0,2.8050079345703693,0.9848523821149574,1.0349415370396267,0.9516019474221263,48.760042931864184
2025-11-03,198.72998046875,202.6609205155058,197.70279061276253,199.4213495617901,1576799,197.73983612060547,198.5385598754883,-0.004797675573331328,0.8673594148719335,1.0691362540143938,-0.18872883450058728,0.012477542706671896,-0.9580383300780682,0.0,0.9580383300780682,0.9848523821149574,0.8684474400111627,1.1340379817370392,53.140477884745444
2025-11-04,195.0657196044922,199.80656036092205,194.57188233967068,199.51025498788567,1504039,197.69983596801757,198.62191345214845,-0.018438389897763918,0.8513667037990283,1.0691362540143938,-0.20368736856287883,0.012738189463529578,-3.6642608642578125,0.0,3.6642608642578125,0.9848523821149574,0.8889062064034619,1.107937344818073,52.5602597981248
2025-11-06,192.00390625,196.15215097925184,191.70761597281003,195.06570306050187,1004640,197.3432846069336,198.71677978515626,-0.015696316916679165,0.8380033822038903,1.0691362540143938,-0.21618654399067064,0.012544735806704661,-3.0618133544921875,0.0,3.0618133544921875,0.7266464233398457,1.107607160295761,0.6560506733685358,39.61537433115363
2025-11-07,194.01876831054688,195.06570079972707,189.1396541931531,191.2236478526269,1113161,197.1862449645996,198.80950653076172,0.010493859733892164,0.8467972721532651,1.0691362540143938,-0.20796131552577152,0.012674560270701787,2.014862060546875,2.014862060546875,-0.0,0.8705651419503369,1.1054905482700914,0.7874921620204047,44.05569874668996
2025-11-10,191.41131591796875,195.9447381329295,190.4236414447808,194.8187898363239,1014515,196.76006393432618,198.8109716796875,-0.013439176092514105,0.8354170144981368,1.0691362540143938,-0.2186056628785039,0.012474974254283299,-2.607452392578125,0.0,2.607452392578125,0.8705651419503369,1.2183674403599352,0.7145341488222559,41.6751191169381
2025-11-11,191.7965087890625,193.43605203519692,190.5915447234183,191.37180092786832,1045577,196.33042602539064,198.73037719726562,0.002012382963078485,0.8370981934651787,1.0691362540143938,-0.21703319822703462,0.01247031019351941,0.38519287109375,0.38519287109375,-0.0,0.8980789184570332,1.1781550816127253,0.7622756396617091,43.25518792327161
2025-11-12,191.49034118652344,194.93731562373807,191.1841644959566,192.37924222821545,1023435,196.04992752075196,198.6422769165039,-0.0015963147842059655,0.8357619212431181,1.0691362540143938,-0.21828305970824724,0.012007741518946161,-0.3061676025390625,0.0,0.3061676025390625,0.8190645490373905,1.200024196079801,0.6825400285369938,40.56604995784128
2025-11-13,188.1322326660156,192.34960695880264,187.7865556368894,192.34960695880264,1657182,195.77041549682616,198.43288970947265,-0.017536699238719478,0.8211054157951032,1.0691362540143938,-0.23199179457995572,0.012035611560715658,-3.358108520507841,0.0,3.358108520507841,0.8190645490373905,1.417313711983819,0.5778992626064013,36.62459805271836
2025-11-14,197.7818145751953,200.8929831582039,187.76679595309272,188.13223068798064,8650340,195.79263839721676,198.37007385253906,0.051291486697605304,0.8632211333066894,1.0691362540143938,-0.19259951192800184,0.01633953831203696,9.649581909179716,9.649581909179716,-0.0,1.3975601196289062,1.417313711983819,0.9860626534634569,49.64912117671016
2025-11-17,202.46340942382807,208.3696989545041,198.9176463707163,199.90532091092985,11599980,196.050422668457,198.43052001953126,0.02367050205646093,0.8836540109178059,1.0691362540143938,-0.17348793701470602,0.01715750692510711,4.681594848632756,4.681594848632756,-0.0,1.7065625871930783,1.417313711983819,1.2040824644280035,54.62964675146504
2025-11-18,198.6410980224609,203.0856334381476,198.216405205573,201.58437899309888,1743193,196.1684501647949,198.46034790039062,-0.01887902318865775,0.8669714863549383,1.0691362540143938,-0.18909167741751073,0.017699612756553684,-3.822311401367159,0.0,3.822311401367159,1.7065625871930783,1.4702257428850447,1.1607486778487952,53.719744908251755
2025-11-19,199.4707489013672,200.7942291160556,197.06082070702905,199.05591234861592,1706777,196.35610885620116,198.47536102294922,0.004176632565797034,0.8705925076984657,1.0691362540143938,-0.18570481130953687,0.017694026142829302,0.8296508789062784,0.8296508789062784,-0.0,1.5181993756975447,1.4702257428850447,1.0326301134670386,50.802657435084974
2025-11-20,195.6879425048828,200.49791222680813,195.41139486608927,200.49791222680813,1322377,196.29931716918944,198.4218292236328,-0.01896421614356536,0.8540824032095035,1.0691362540143938,-0.20114728127252815,0.018209161332824384,-3.782806396484375,0.0,3.782806396484375,1.2543487548828125,1.7404261997767858,0.7207135557047383,41.88457476349465
2025-11-21,193.35704040527344,196.11264561947385,192.28046375031207,194.67064929414295,1332716,196.14178314208982,198.2256771850586,-0.011911322025122795,0.8439091526688843,1.0691362540143938,-0.21066267325593585,0.018397840118575023,-2.330902099609375,0.0,2.330902099609375,1.2543487548828125,1.7065614972795717,0.7350152671804496,42.36361956485335
2025-11-24,196.80401611328125,199.5102496779351,192.991591927498,194.47310368253213,3033202,196.07906570434568,198.0338705444336,0.017826998700347207,0.8589535200367237,1.0691362540143938,-0.1965911577579339,0.018770955693090098,3.4469757080078125,3.4469757080078125,-0.0,1.500561305454799,1.6381301879882812,0.916020787882296,47.8084994523853
2025-11-25,193.02120971679688,197.4361156953642,192.1816954802615,197.0015515985956,1511286,195.8094299316406,197.7673956298828,-0.019221184969655192,0.8424434155477614,1.0691362540143938,-0.21203362772092516,0.019238627765144047,-3.782806396484375,0.0,3.782806396484375,1.500561305454799,1.6465977260044642,0.9113102014879928,47.67986906460918
2025-11-26,196.88302612304688,198.4237958918989,193.09035975807004,193.09035975807004,1627855,195.88696212768554,197.5805276489258,0.02000721274059014,0.8592983601845348,1.0691362540143938,-0.1962686168783067,0.019485241331003746,3.86181640625,3.86181640625,-0.0,1.7764053344726562,1.4278967721121651,1.2440712586281515,55.438135212723985
2025-11-27,197.4262542724609,200.25100393198744,196.5472245744291,198.42380008730527,1526075,195.81831893920895,197.36343688964843,0.0027591416086552023,0.8616692860443691,1.0691362540143938,-0.19405100817695364,0.01907383243091244,0.5432281494140341,0.5432281494140341,-0.0,1.671288626534596,1.4278967721121651,1.170454796996566,53.926706910285304
2025-11-28,194.4138336181641,197.9793389579305,193.58419070354924,197.485501736748,865886,195.41435928344725,197.1259994506836,-0.015258460255946904,0.8485215394894909,1.0691362540143938,-0.2063485488370061,0.018821640102787997,-3.012420654296818,0.0,3.012420654296818,1.671288626534596,1.4568230765206434,1.1472145475112632,53.42803535123895
2025-12-01,194.0977935791016,197.7818151801344,193.70271474355272,196.0533848352393,903973,195.13484802246094,196.85853729248046,-0.0016256046865636975,0.8471421788982466,1.0691362540143938,-0.2076387123555147,0.018609249162590484,-0.3160400390625,0.0,0.3160400390625,1.6437748500278997,1.4793973650251075,1.1111111111111127,52.63157894736845
2025-12-02,195.4311370849609,196.2212796529833,192.80393452205684,194.12741465783265,1288080,194.96990585327148,196.6692987060547,0.00686944184821936,0.8529615728333619,1.0691362540143938,-0.20219563256726072,0.01867514445261742,1.3333435058593182,1.3333435058593182,-0.0,1.739013671874994,1.4575282505580316,1.1931251906844293,54.40296777185252
2025-12-03,195.95462036132807,196.92255224985456,193.91014192478204,195.4311540670536,984551,195.01435089111328,196.50731994628907,0.0026786073303128877,0.8552463219548286,1.0691362540143938,-0.2000586279404997,0.01820899892252785,0.5234832763671591,0.5234832763671591,-0.0,1.776405334472648,1.217663356236043,1.4588640820758125,59.3308142857663
2025-12-04,200.1437225341797,200.52094500054795,194.56487732726436,194.8229681401638,1822430,195.42134170532228,196.40719696044923,0.021377919873117435,0.8735297092973574,1.0691362540143938,-0.18295754538542003,0.018372333429986808,4.189102172851619,4.189102172851619,-0.0,1.3863710675920697,1.217663356236043,1.1385503723110502,53.23935255640773
2025-12-05,201.2158203125,203.99532164165305,199.2106065836524,200.12388364012597,2385109,195.78119430541992,196.40772735595704,0.005356639542552832,0.8782088930797743,1.0691362540143938,-0.17858094346508713,0.018286524991975146,1.0720977783203125,1.0720977783203125,-0.0,1.1285498482840381,1.217663356236043,0.9268159729898858,48.10090771417696
2025-12-08,188.4499664306641,201.1165459627615,187.119781697394,200.82866089317972,2472351,195.63312683105468,196.17368194580078,-0.06344358938581363,0.8224921686722513,1.0691362540143938,-0.23069471680157053,0.023250343222320467,-12.765853881835909,0.0,12.765853881835909,1.1285498482840381,1.856487819126668,0.6078950999069481,37.80688802037696
2025-12-09,195.696533203125,196.7289116209034,187.7650308183876,188.71800832846765,3077963,195.8281280517578,196.15963104248047,0.03845353177670696,0.8541198974163823,1.0691362540143938,-0.2011122116481112,0.0248332867876013,7.246566772460909,7.246566772460909,-0.0,1.5869009835379404,1.856487819126668,0.854786639152016,46.08544298889349
2025-12-10,190.643798828125,196.0638118248687,189.89929038319383,194.5648736086833,1573984,195.7858009338379,196.1035885620117,-0.025819232933245062,0.8320671768320693,1.0691362540143938,-0.2217388815430936,0.025562054500049426,-5.052734375,0.0,5.052734375,1.5869009835379404,1.9471969604492128,0.8149668553158829,44.90257510372239
2025-12-11,192.2320709228516,193.17512705358,190.1970933280699,191.0904973868978,806515,195.99079284667968,196.1435104370117,0.008331097599237891,0.8389992096913796,1.0691362540143938,-0.21525511220753707,0.02527604365699655,1.588272094726591,1.588272094726591,-0.0,1.7003489903041253,1.7807039533342572,0.9548746085054328,48.84582388818619
2025-12-12,191.3585357666016,193.9295680635097,190.5941694915254,192.5795254237288,1037947,195.66962890625,196.1568746948242,-0.004544169721818037,0.8351866548860708,1.0691362540143938,-0.21882112616599508,0.022392638727796902,-0.87353515625,0.0,0.87353515625,1.4541364397321388,1.8430993216378286,0.7889626037298703,44.10168228698212
2025-12-15,192.39089965820312,194.96193176095923,190.69342894670973,190.69342894670973,1386426,195.16600341796874,196.02120361328124,0.005394919476498838,0.8396924196370276,1.0691362540143938,-0.2146067290449186,0.021676843577724612,1.032363891601534,1.032363891601534,-0.0,1.527876717703677,1.5728988647460878,0.9713763242815496,49.27401796993575
2025-12-16,192.72840881347656,193.90969794160637,190.336066578954,191.78536783501536,937983,194.87036895751953,195.90018432617188,0.0017542885649635132,0.8411654824468834,1.0691362540143938,-0.21322892261068277,0.021335674126969684,0.3375091552734375,0.3375091552734375,-0.0,1.2761404854910654,1.5728988647460878,0.8113302858140673,44.791957169171425
2025-12-17,192.8773193359375,193.91963416216865,190.77283188426304,192.5596551367932,986262,194.54069747924805,195.84041625976562,0.0007726443827233975,0.8418154042318368,1.0691362540143938,-0.2126210283572487,0.02130332248985594,0.1489105224609375,0.1489105224609375,-0.0,1.2479749407087013,1.5728988647460878,0.7934235116319199,44.24072208744195
2025-12-18,193.06593322753903,193.5324930595625,190.19709465779,192.38098304235305,699897,194.40959701538085,195.7190362548828,0.000977895650203564,0.8426386118539094,1.0691362540143938,-0.2118510538858175,0.020903879565327535,0.18861389160153408,0.18861389160153408,-0.0,1.2614473615373822,1.3577259608677434,0.9290883417528321,48.16204222708807
2025-12-19,197.76129150390625,198.53557905043797,192.97657677820064,193.0659293005409,1533185,194.6298095703125,195.73107086181642,0.024319972964020886,0.8631315601126366,1.0691362540143938,-0.192683292824699,0.021423031698372622,4.695358276367216,4.695358276367216,-0.0,1.596830095563612,1.3351516723632793,1.1959915331096056,54.462483806394154
2025-12-22,197.32452392578125,201.82135387848484,196.6792893097933,198.535592250273,1012233,194.6558349609375,195.67886260986327,-0.0022085594951546383,0.8612252827099822,1.0691362540143938,-0.194466299803928,0.02107757122032852,-0.436767578125,0.0,0.436767578125,1.5015912737165178,1.3663493565150648,1.098980481497348,52.35782281850325
2025-12-23,198.4065399169922,200.8981713020009,197.096212880329,198.9028788992408,1213792,194.92510147094725,195.63920806884767,0.005483433937577331,0.8659477546530938,1.0691362540143938,-0.19004920897441055,0.0205886885682856,1.0820159912109375,1.0820159912109375,-0.0,1.5414864676339306,1.3663493565150648,1.1281788660299594,53.01146835155525
2025-12-24,199.667236328125,201.48383874032976,198.5355841046112,198.5355841046112,1245312,195.06431198120117,195.69054656982422,0.00635410713608664,0.8714500794604132,1.0691362540143938,-0.18490269487327587,0.020167650102263245,1.2606964111328125,1.2606964111328125,-0.0,1.3323146275111586,1.3663493565150648,0.9750907563708938,49.36941521424374
2025-12-26,203.84642028808597,206.9733497287599,198.53558726979367,199.9253303218569,4904849,195.38532028198242,195.89302551269532,0.020930744757207354,0.8896901786422472,1.0691362540143938,-0.16784210122738083,0.020659190768539403,4.179183959960966,4.179183959960966,-0.0,1.5542493547712053,1.3663493565150648,1.1375197326805113,53.216806155704056
2025-12-29,199.7367248535156,205.48432317023645,199.13119073490924,205.4346862463384,1487796,195.65146484375,195.94101287841798,-0.020160743704806472,0.8717533629739573,1.0691362540143938,-0.18461902334646593,0.020900011298227588,-4.109695434570369,0.0,4.109695434570369,1.5542493547712053,0.7480523245675263,2.0777281263978,67.50850111083695
2025-12-30,198.03924560546875,200.3521869833205,196.94729383152568,199.5282624897204,1489110,195.84853744506836,195.95564331054686,-0.008498583569404916,0.8643446941668134,1.0691362540143938,-0.191548606717459,0.021011401380112413,-1.6974792480468466,0.0,1.6974792480468466,1.036637442452569,0.8693008422851582,1.1924956148984371,54.38987457011069
2025-12-31,199.7665100097656,201.23566908971748,198.33705138189336,198.9822859708615,1163378,196.0653060913086,196.02536254882813,0.008721828842642054,0.8718833606503821,1.0691362540143938,-0.1844974320376532,0.021041680546312006,1.7272644042968466,1.7272644042968466,-0.0,1.1600134713309151,0.5083912440708725,2.281733772679222,69.52830213330816
2026-01-01,201.2058868408203,203.2011639754684,200.05437683656743,200.52093666334125,1097326,196.3278694152832,196.1351287841797,0.007205295977710913,0.8781655383219094,1.0691362540143938,-0.17862149466490118,0.021081466218993285,1.439376831054716,1.439376831054716,-0.0,1.1493780953543526,0.5083912440708725,2.26081410480414,69.33281175008703
2026-01-02,204.8887176513672,205.86155292370603,198.43631113917604,201.4143449140335,2967348,196.56511917114258,196.29642761230468,0.01830379253992942,0.8942392981510691,1.0691362540143938,-0.16358715290649017,0.02093993017035598,3.682830810546875,3.682830810546875,-0.0,1.4124374389648438,0.44599587576730115,3.166929372463042,76.00151308998771
2026-01-05,204.4122314453125,208.3531639219083,202.61548686900787,206.27847074523956,2928381,196.7249397277832,196.45451782226561,-0.002325585378817552,0.8921596683141249,1.0691362540143938,-0.16553230239434602,0.02093368633466254,-0.4764862060546875,0.0,0.4764862060546875,1.3386971609933056,0.4800306047712074,2.788774606634418,73.60624202218501
2026-01-06,203.8960418701172,205.07733103676048,202.22835020925368,204.41223863769727,1781895,197.49724349975585,196.57127136230469,-0.002525238199033164,0.8899067526400612,1.0691362540143938,-0.16763953210019908,0.014509607059233591,-0.5161895751953125,0.0,0.5161895751953125,1.3145893641880602,0.5169012887137298,2.5432116206545308,71.777017376815
2026-01-07,203.2210235595703,206.12956257404787,202.50629425045076,203.99531111993932,1030370,197.87346801757812,196.66741333007812,-0.0033106003645566595,0.8869606270203496,1.0691362540143938,-0.17039514496867073,0.012102806218940507,-0.675018310546875,0.0,0.675018310546875,1.303952898297993,0.5651168823242207,2.3074039001189934,69.76480556354117
2026-01-08,196.0836639404297,204.1442036234958,195.5079089420589,203.13168307362616,1548855,198.14546127319335,196.68243896484375,-0.03512116755503125,0.8558095342240524,1.0691362540143938,-0.19953183608669342,0.013341746203081043,-7.137359619140625,0.0,7.137359619140625,1.2904804774693122,1.0749282836914082,1.200527046360411,54.556341324958375
2026-01-09,192.02362060546875,197.33443842621236,191.5868398940972,194.76340623080432,1412092,198.13503875732422,196.54692901611327,-0.020705668454840676,0.8380894257479176,1.0691362540143938,-0.21610606449733738,0.014115860477857314,-4.0600433349609375,0.0,4.0600433349609375,0.9550977434430824,1.364931379045761,0.6997404837383123,41.16748941575734
2026-01-12,193.1155548095703,194.26706482561056,185.98813465451377,192.03353951813077,1695463,198.22288970947267,196.35937957763673,0.005686457742326567,0.8428551858517238,1.0691362540143938,-0.21164848475863543,0.014126325504132788,1.0919342041015625,1.0919342041015625,-0.0,1.033093043736051,1.3337336948939753,0.7745871965978759,43.648866512891814
2026-01-13,192.4604034423828,195.6965280669145,190.7728388303437,194.62443407636127,910656,198.22636489868165,196.2148272705078,-0.003392535458024315,0.8399957697477421,1.0691362540143938,-0.21432299522747897,0.014104424484746688,-0.6551513671875,0.0,0.6551513671875,0.9558061872209842,1.380530221121654,0.6923471667606163,40.910469220441534
2026-01-14,195.3689422607422,196.35169887082853,192.4604031773621,192.4604031773621,1074963,198.35839157104493,196.14760650634764,0.015112401129461883,0.8526901227672211,1.0691362540143938,-0.20244952917316253,0.014497050299305838,2.908538818359375,2.908538818359375,-0.0,1.0735092163085957,1.380530221121654,0.7776064586520898,43.744578833367164
2026-01-16,185.79953002929688,196.17301157433823,185.13443762063977,196.0439737408793,2926404,198.0045021057129,195.96228271484375,-0.04898123581318181,0.8109243067883889,1.0691362540143938,-0.24151453685764604,0.018275136922018494,-9.569412231445312,0.0,9.569412231445312,0.7749960763113839,2.0640596662248902,0.3754717409544807,27.297670302839506
2026-01-19,184.28073120117188,190.09782450469143,183.8240926864789,189.61140686372104,3164759,197.56524200439452,195.8078192138672,-0.008174395424388359,0.8042954908454526,1.0691362540143938,-0.24771469695702197,0.018318911397734457,-1.518798828125,0.0,1.518798828125,0.7749960763113839,1.878995622907364,0.4124523052971432,29.201149217592445
2026-01-20,179.28756713867188,185.12451839630089,178.68203297659088,184.34029432477016,1953864,196.6415557861328,195.51319519042968,-0.027095421371261863,0.7825027656139891,1.0691362540143938,-0.2680981842343789,0.018011740775440228,-4.9931640625,0.0,4.9931640625,0.7749960763113839,2.1144016810825894,0.3665320942776493,26.82206263669194
2026-01-21,177.24264526367188,183.1391545193022,172.45793042898683,179.02946854523606,2899554,195.63746185302733,195.22982177734374,-0.01140582086998998,0.7735776792391242,1.0691362540143938,-0.27644612523942197,0.018061181461088784,-2.044921875,0.0,2.044921875,0.6516200474330377,2.260467529296875,0.2882678202573987,22.376389111372987
2026-01-22,175.048828125,179.92288055207845,174.7113212533286,178.73167002749122,2929357,194.46957626342774,194.8948681640625,-0.012377479107289813,0.7640027376764762,1.0691362540143938,-0.2854018982072697,0.017946601477803418,-2.193817138671875,0.0,2.193817138671875,0.5488074166434151,2.417168753487723,0.2270455531296866,18.50343310813419
2026-01-23,165.92611694335938,176.15070308328666,165.18160846443843,175.9124700641528,2791086,192.78252029418945,194.3835836791992,-0.05211523709902366,0.7241865538581634,1.0691362540143938,-0.3226433477127101,0.020406781374685667,-9.122711181640625,0.0,9.122711181640625,0.2857480730329241,3.068790980747768,0.09311421821348559,8.518251493029283
2026-01-27,163.35507202148438,167.3257836025494,162.352472800208,166.7202494805545,2191968,190.75795288085936,193.88804046630858,-0.015495118967634558,0.71296519705137,1.0691362540143938,-0.33313906962342027,0.019182582364559258,-2.571044921875,0.0,2.571044921875,0.2857480730329241,3.218402317592076,0.08878569079788425,8.154560768779064
2026-01-28,172.01123046875,173.71863771981842,164.37753476484616,164.37753476484616,2989017,189.3716781616211,193.37262878417968,0.05298983582295613,0.7507451057906036,1.0691362540143938,-0.2978022184060215,0.023742277293664685,8.656158447265625,8.656158447265625,-0.0,0.9040451049804688,3.1815316336495534,0.28415405190971915,22.12772303191676
2026-01-29,168.7254638671875,173.15279881863358,167.41512176865626,172.22961564226512,3198200,187.90598907470704,192.69786987304687,-0.019102046957099383,0.736404337526979,1.0691362540143938,-0.3112156334032007,0.023891305453189925,-3.2857666015625,0.0,3.2857666015625,0.9040451049804688,3.368013654436384,0.2684208550608608,21.161813446214694
2026-01-30,171.20716857910156,171.8325605395232,165.04263179697514,167.36550972979967,2653537,186.47802200317383,192.1491912841797,0.014708536903875746,0.7472357679016687,1.0691362540143938,-0.30108462312829903,0.02414412176337285,2.4817047119140625,2.4817047119140625,-0.0,1.0813097272600447,2.8582022530691966,0.37831812850154745,27.44780908547142
2026-02-02,170.0457305908203,171.23694106446487,164.77461326332252,167.11733375855076,1960631,184.92001419067384,191.56069091796874,-0.006783816343207794,0.742166657687148,1.0691362540143938,-0.30582593668444047,0.023899949742316406,-1.16143798828125,0.0,1.16143798828125,1.0813097272600447,2.651159014020647,0.4078630219996391,28.970362572655432
2026-02-03,171.8126983642578,177.66949210682495,171.28658027183,174.71131610933327,2335139,183.26621322631837,191.08318603515625,0.010391132828199812,0.7498786100078362,1.0691362540143938,-0.29861268178663736,0.02350194646896699,1.7669677734375,1.7669677734375,-0.0,1.1295264107840401,2.651159014020647,0.42605004257026563,29.876233642009296
2026-02-04,175.50546264648438,175.9025277632633,171.83255730155787,172.7259613878421,2222094,181.82087478637695,190.72615447998047,0.021492964823808247,0.7659957245948609,1.0691362540143938,-0.2835377888284123,0.024417025374621953,3.6927642822265625,3.6927642822265625,-0.0,1.3932952880859375,2.6043624877929688,0.5349851622485419,34.85279046377636
2026-02-05,172.66639709472656,175.52531430612518,172.01122604260394,175.50545650686195,1272322,180.25939254760743,190.24340209960937,-0.01617650817784777,0.7536045884917557,1.0691362540143938,-0.29512764564654836,0.024466979379714947,-2.8390655517578125,0.0,2.8390655517578125,1.1855425153459822,2.807152884347098,0.4223291584710826,29.692786367753357
2026-02-06,170.12515258789062,172.2991197304803,169.1523172871746,171.78292295327012,1146496,178.60459899902344,189.78548095703124,-0.014717655256580087,0.7425132959585572,1.0691362540143938,-0.30550171395781633,0.02448503675761559,-2.5412445068359375,0.0,2.5412445068359375,1.1855425153459822,2.305140904017857,0.5143037084108756,33.96304886227814
2026-02-09,179.49603271484375,180.5681115626197,171.2369449681103,171.5347513800762,3548811,177.77521743774415,189.4377410888672,0.05508227316423375,0.783412616154622,1.0691362540143938,-0.2672471696539486,0.027462318707212552,9.370880126953125,9.370880126953125,-0.0,1.854891095842634,2.1966552734375,0.8444161076489501,45.78229956608408
2026-02-10,181.99757385253903,183.4369538675103,179.03939776801738,180.36958260132525,2228103,177.27391510009767,189.12916748046874,0.013936470349009689,0.794330622850701,1.0691362540143938,-0.25703518156067795,0.02744919087802731,2.501541137695284,2.501541137695284,-0.0,2.0335726056780112,1.8400006975446428,1.1052020841033794,52.498621982606146
2026-02-11,182.93069458007807,183.44689136418933,179.77398591503783,182.25568083298663,1425781,176.76467208862306,188.89950469970702,0.005127105311277802,0.7984032396060294,1.0691362540143938,-0.25322592269396516,0.027440886631669662,0.9331207275390341,0.9331207275390341,-0.0,2.100224086216514,1.6939348493303572,1.239849387977802,55.35414098075462
2026-02-12,179.57542419433594,183.8340208236565,178.88055270093355,182.16631409242825,1604084,176.12042312622071,188.6090573120117,-0.01834175720725406,0.7837591212316906,1.0691362540143938,-0.26692307150858363,0.027673427721722398,-3.3552703857421307,0.0,3.3552703857421307,2.100224086216514,1.7768957955496612,1.181962437795535,54.169696843621516
2026-02-13,200.193359375,208.46236847550944,195.7064508218732,197.6421849325108,134019973,176.36164398193358,188.7043017578125,0.11481490450692955,0.8737463498923421,1.0691362540143938,-0.18275491396760843,0.038130673560505736,20.617935180664062,20.617935180664062,-0.0,3.5729337419782325,1.1252735682896164,3.175168992380217,76.0488736665504
2026-02-16,224.96066284179688,234.9172210551454,198.75397210869795,200.02459862017773,125648482,178.3197006225586,189.28442260742187,0.1237169082137386,0.9818435468640622,1.0691362540143938,-0.08164787867081012,0.044949152202611115,24.767303466796875,24.767303466796875,-0.0,5.342026846749438,0.9416275024414021,5.6731848134202885,85.0146515050966
2026-02-17,213.69378662109372,234.5499449057922,212.1154171682094,229.457502173244,81402370,179.79035339355468,189.55542388916015,-0.05008376166026218,0.932669128675256,1.0691362540143938,-0.1276424074356575,0.0468052678918275,-11.266876220703153,0.0,11.266876220703153,4.723729814801893,1.7464043753487704,2.704831642361482,73.00822016941655
2026-02-18,213.06838989257807,219.2726269435257,207.9660259477614,215.41111040889845,47620038,181.47939453125,189.79247528076172,-0.0029266023051225387,0.9299395770533584,1.0691362540143938,-0.1301954511769474,0.04614720301072432,-0.6253967285156534,0.0,0.6253967285156534,4.723729814801893,1.556377955845424,3.0350788489778915,75.21733682469909
2026-02-19,215.91737365722656,220.27522921562908,210.23925461864812,216.24495919565183,23297555,183.41313095092772,190.34182342529297,0.013371217410920844,0.9423740013171586,1.0691362540143938,-0.11856510544962641,0.04588440029049985,2.8489837646484943,2.8489837646484943,-0.0,4.749964032854352,1.556377955845424,3.0519347919408,75.32043205658256
2026-02-20,213.32647705078125,216.39386330805243,212.14520306002632,216.19531560816893,5749694,185.3270133972168,190.6944223022461,-0.011999481850675009,0.9310660015918054,1.0691362540143938,-0.12914186746933526,0.04587439497488423,-2.5908966064453125,0.0,2.5908966064453125,4.749964032854352,1.6584821428571428,2.864042916175976,74.12037025226306
2026-02-23,215.4210357666016,221.12893396029023,212.83014571975767,215.31184058657888,9554558,187.8017593383789,191.18996704101562,0.00981855953736921,0.9402077285616548,1.0691362540143938,-0.12059129504648082,0.043421972993457104,2.094558715820341,2.094558715820341,-0.0,4.773363385881699,1.6584821428571428,2.878151812752357,74.21452154833796
2026-02-24,214.18019104003903,217.21779831895125,210.26905260403248,215.31184330772905,5588595,190.34301528930663,191.62892944335937,-0.005760090801470996,0.9347920466728948,1.0691362540143938,-0.12565676903861714,0.04312760734771739,-1.2408447265625568,0.0,1.2408447265625568,4.509594508579801,1.7471139090401826,2.5811679966861756,72.07614943154448
2026-02-25,218.19061279296875,219.86824092396205,214.41843361659747,215.41111155000763,5188158,192.65198440551757,192.1655709838867,0.0187245222513599,0.9522955811512157,1.0691362540143938,-0.10928510975515483,0.042187538353669785,4.010421752929716,4.010421752929716,-0.0,4.796053205217638,1.5443235124860533,3.10560136295338,75.64303224800554
2026-02-26,223.00509643554688,223.79924182861637,217.9225901552037,219.3520488333161,7315499,195.36596603393554,192.7778549194336,0.022065493931887836,0.9733084535184715,1.0691362540143938,-0.08963104574941501,0.041550388542050516,4.814483642578125,4.814483642578125,-0.0,5.139944893973218,1.3628060477120576,3.771589436811201,79.04262273100578
2026-02-27,220.12632751464844,224.4941042791128,217.39646325009247,223.3028938112646,4715134,197.8119239807129,193.32581329345703,-0.012908982650674417,0.9607440315782468,1.0691362540143938,-0.1013829827855484,0.04201076021963335,-2.8787689208984375,0.0,2.8787689208984375,4.470596313476567,1.5684323992048033,2.850359579248148,74.02839970091136
2026-03-02,210.91427612304688,217.15821349369463,205.5438850106019,206.4770046667606,5342025,199.85535125732423,193.68655242919922,-0.04184893054643157,0.9205379213278301,1.0691362540143938,-0.13898914392679754,0.043600887791394816,-9.212051391601562,0.0,9.212051391601562,4.291914803641189,2.226436070033486,1.927706284230581,65.84356820947951
2026-03-04,201.08677673339844,208.45244519967264,199.6275389559508,207.46968859024972,5152153,201.31905517578124,193.8469692993164,-0.0465947567433278,0.8776456808105512,1.0691362540143938,-0.17910773531889287,0.045510346150464995,-9.827499389648438,0.0,9.827499389648438,4.225263323102687,2.928400312151232,1.4428571481741055,59.064327574478014
2026-03-05,203.3600006103516,205.48433076698765,199.2800937269216,203.6478705443029,3833270,202.7117820739746,193.95894348144532,0.011304691008931833,0.8875671940474381,1.0691362540143938,-0.16982780191505062,0.045418185208125676,2.2732238769531534,2.2732238769531534,-0.0,4.387636457170769,2.6887381417410796,1.6318571113546878,62.00401626343335
2026-03-06,204.8699951171875,209.17999267578125,203.8999938964844,204.3999938964844,3287405,204.32196197509765,194.10985290527344,0.007425228669865724,0.8941575834231115,1.0691362540143938,-0.16366358350890475,0.04505307304964395,1.509994506835909,1.509994506835909,-0.0,3.0227835518973296,2.6887381417410796,1.1242387293021925,52.9243118390701
2026-03-09,195.17999267578125,199.58999633789065,193.0,198.0,3712053,205.5747039794922,194.04532196044923,-0.04729829976255662,0.8518654500074019,1.0691362540143938,-0.20322087403844302,0.046539713999526375,-9.69000244140625,0.0,9.69000244140625,1.253690447126124,3.3808811732700974,0.37081766050757536,27.050837700053563
2026-03-10,199.9600067138672,201.0,197.2700042724609,200.32000732421875,2731700,206.59790267944337,194.05117736816408,0.024490287004089284,0.8727278793669508,1.0691362540143938,-0.18370752456477707,0.04539538798794938,4.7800140380859375,4.7800140380859375,-0.0,1.5951200212751198,2.5761043003627293,0.6191985398458123,38.24105102668727
2026-03-11,199.0200042724609,206.4600067138672,198.0,201.9900054931641,3381646,207.44902420043945,193.95464904785158,-0.004700952239671485,0.868625227287817,1.0691362540143938,-0.1875448765054013,0.04542277778262697,-0.9400024414062784,0.0,0.9400024414062784,1.5951200212751198,2.598576136997774,0.6138438657094796,38.03613712282018
2026-03-12,200.69000244140625,204.8000030517578,194.3999938964844,198.1999969482422,3403841,208.33698959350585,193.97371459960937,0.0083911070902154,0.8759139545912518,1.0691362540143938,-0.18072747855816393,0.04542753432745664,1.669998168945341,1.669998168945341,-0.0,1.5109067644391803,2.598576136997774,0.5814364039318793,36.7663475107991
2026-03-13,189.00999450683597,199.91000366210935,185.0,198.0,3775629,208.80871810913087,193.7931295776367,-0.0581992515445825,0.8249364180165855,1.0691362540143938,-0.22840852611712173,0.04736526845676807,-11.680007934570284,0.0,11.680007934570284,1.5109067644391803,3.247798374720986,0.4652095327712516,31.750375790373738
2026-03-16,188.9900054931641,190.8999938964844,185.1199951171875,189.82000732421875,2659399,208.24855041503906,193.5775994873047,-0.00010575638459775494,0.824849175723493,1.0691362540143938,-0.22849012684178602,0.03947568643879916,-0.019989013671875,0.0,0.019989013671875,1.36129542759487,3.2492261614118343,0.4189598876685666,29.52584433919003
2026-03-17,189.3999938964844,191.1499938964844,186.0500030517578,189.0,2214530,206.47051696777345,193.34148162841797,0.0021693655294123815,0.8266385750922718,1.0691362540143938,-0.22681643991735528,0.02620195859083983,0.4099884033203125,0.4099884033203125,-0.0,1.390580313546321,3.1605943952287947,0.4399743021899706,30.554316248619173
2026-03-18,194.57000732421875,196.17999267578125,190.07000732421875,190.5,2825795,205.5143280029297,193.135107421875,0.027296798280574297,0.8492031615275069,1.0691362540143938,-0.20571100424392305,0.025397733306402794,5.170013427734347,5.170013427734347,-0.0,1.4734082903180803,3.1605943952287947,0.4661807578164172,31.79558559414599
2026-03-19,187.7400054931641,192.7400054931641,186.82000732421875,189.3000030517578,1848145,204.24790878295897,192.80166290283202,-0.03510305583570028,0.8193935355325536,1.0691362540143938,-0.23359297521163094,0.026304783181506728,-6.830001831054659,0.0,6.830001831054659,1.1295166015625,3.648451668875556,0.30958793046328453,23.640102604928828
2026-03-20,191.63999938964844,196.97000122070312,190.0399932861328,190.55999755859372,2684136,203.03404006958007,192.55654205322264,0.02077337691686787,0.8364151062894163,1.0691362540143938,-0.21767211321396684,0.026641205493032272,3.8999938964843466,3.8999938964843466,-0.0,1.4080875941685247,3.4428253173828103,0.408991878576905,29.027270120959855
2026-03-23,181.2899932861328,189.80999755859372,179.00999450683594,188.0,3151165,201.43221588134764,192.1179214477539,-0.05400754610978509,0.7912423788695698,1.0691362540143938,-0.25992372263253427,0.028744952385197618,-10.350006103515625,0.0,10.350006103515625,1.4080875941685247,3.5241077968052434,0.39955860471833954,28.548901301546465
2026-03-24,187.33999633789065,189.0,183.1000061035156,188.0,2230788,200.0281639099121,191.94304809570312,0.03337196357114447,0.8176476907131508,1.0691362540143938,-0.235225924064359,0.02995751570972957,6.050003051757841,6.050003051757841,-0.0,1.8402306692940849,2.822143554687498,0.6520684131172263,39.46981904259417
2026-03-25,195.97999572753903,197.30999755859372,190.41000366210935,191.0,3558806,199.1181541442871,192.02217559814454,0.04611935282663859,0.8553570730490369,1.0691362540143938,-0.1999550386236167,0.03219018147835788,8.63999938964838,8.63999938964838,-0.0,2.2950003487723154,2.822143554687498,0.8132117676864407,44.84924387646427
2026-03-27,189.72999572753903,194.4199981689453,187.9900054931641,193.5,2675196,197.69512329101562,191.9544644165039,-0.03189100998190175,0.8280788720943397,1.0691362540143938,-0.22546928047284115,0.032304686872704595,-6.25,0.0,6.25,2.187143598284036,3.2685721261160694,0.6691434405894364,40.089031554600076
2026-03-30,182.1300048828125,191.7100067138672,177.5,186.0,2792391,195.6513687133789,191.7478564453125,-0.0400568756436408,0.7949086196917304,1.0691362540143938,-0.25649456118712016,0.0324037309693999,-7.599990844726534,0.0,7.599990844726534,2.187143598284036,3.1192855834960898,0.7011681167816284,41.21686209991639
2026-04-01,200.97999572753903,201.9900054931641,188.4600067138672,191.3300018310547,7247679,194.69405212402344,191.86007751464842,0.10349744874193112,0.8771796338127945,1.0691362540143938,-0.17954364514423715,0.04106817099138586,18.849990844726534,18.849990844726534,-0.0,3.1921419416155072,3.1192855834960898,1.0233567450524232,50.57717812515108
2026-04-02,200.5500030517578,201.8800048828125,191.6100006103516,194.0,4200321,194.17583847045898,192.15508697509765,-0.002139479972743885,0.8753029255537532,1.0691362540143938,-0.1812989950839615,0.0400771559622998,-0.4299926757812216,0.0,0.4299926757812216,3.1921419416155072,3.0828563145228713,1.0354494715104976,50.8708020515044
2026-04-06,202.25999450683597,204.0,195.6000061035156,199.0,5222516,194.23449935913087,192.51467224121095,0.0085265092448632,0.8827662040405431,1.0691362540143938,-0.17431833339676614,0.03870362796358517,1.7099914550781534,1.7099914550781534,-0.0,3.194998604910708,3.0828563145228713,1.036376100261161,50.89315770933708
2026-04-07,198.7400054931641,203.3000030517578,198.00999450683597,199.6999969482422,2019381,194.00349960327148,192.90372100830078,-0.017403288387575322,0.8674031692128203,1.0691362540143938,-0.18868790955699605,0.03883320729289776,-3.519989013671875,0.0,3.519989013671875,3.194998604910708,2.499997820172985,1.2780005562923384,56.10185444258211
2026-04-08,206.4600067138672,208.9900054931641,204.0,207.1199951171875,4191884,194.08300018310547,193.48806823730467,0.03884472681555118,0.9010972083598356,1.0691362540143938,-0.1571727130415838,0.03979192523945863,7.720001220703097,7.720001220703097,-0.0,3.746427263532358,2.4985700334821366,1.4994285584667575,59.990854845099584
2026-04-09,208.58999633789065,212.0,205.0,207.2100067138672,5471271,194.75350036621094,194.1588916015625,0.010316717789200736,0.9103935739591207,1.0691362540143938,-0.14847750177699612,0.03815329994782289,2.129989624023466,2.129989624023466,-0.0,3.869284493582583,2.4985700334821366,1.548599575650136,60.762765184683644
2026-04-10,213.75,215.1999969482422,209.8000030517578,210.00999450683597,3708775,195.44300003051757,195.1153692626953,0.024737541362006565,0.9329144726506394,1.0691362540143938,-0.1274129287565254,0.038160324971101944,5.160003662109347,5.160003662109347,-0.0,3.868569510323655,2.4985700334821366,1.5483134186686038,60.758359129841196
2026-04-13,217.5500030517578,219.1999969482422,206.22999572753903,210.0,4689832,196.36949996948243,196.1992678833008,0.01777779205500729,0.9494996321505292,1.0691362540143938,-0.11190025725407111,0.03822087473597216,3.8000030517578125,3.8000030517578125,-0.0,4.139998299734927,2.0107127598353753,2.05897052151491,67.30926326466314
2026-04-15,219.88999938964844,223.0,219.0,220.1999969482422,2854835,197.32949981689453,197.15684326171876,0.010756131027651161,0.9597125746046469,1.0691362540143938,-0.10234774005547265,0.03823509965855468,2.339996337890625,2.339996337890625,-0.0,4.028569902692518,2.0107127598353753,2.0035531594390203,66.70609951225994
2026-04-16,228.32000732421875,230.0,218.1000061035156,223.0,10361403,199.29500045776368,198.34873413085938,0.03833738668411302,0.9965054466828709,1.0691362540143938,-0.06793409825811136,0.03581885600083695,8.430007934570312,8.430007934570312,-0.0,4.6307133265903975,1.2714266095842592,3.6421396970011375,78.45820967761895
2026-04-17,241.8000030517578,247.55999755859372,229.47999572753903,230.1000061035156,24945465,201.93550033569335,199.7605908203125,0.05903992333180508,1.0553390518547539,1.0691362540143938,-0.012904998879080407,0.03734190702743394,13.479995727539062,13.479995727539062,-0.0,5.1614270891461995,1.2714266095842592,4.05955565994794,80.2354185385068
2026-04-20,242.05999755859372,249.6999969482422,236.7100067138672,241.0,8353205,204.56850051879883,201.20087615966796,0.0010752460858334256,1.0564738010394878,1.0691362540143938,-0.011843628842779383,0.03735948065071143,0.2599945068359091,0.2599945068359091,-0.0,4.562855311802451,1.2714266095842592,3.588768142342442,78.20765902786435
2026-04-21,243.2400054931641,247.63999938964844,242.25,243.0,4106709,207.0020004272461,202.6294223022461,0.004874857252217923,1.0616239600102635,1.0691362540143938,-0.007026507590518205,0.037243915205378696,1.1800079345703693,1.1800079345703693,-0.0,4.647141592843192,0.824998038155688,5.632912295442592,84.92366617470444
2026-04-22,245.5800018310547,250.38999938964844,242.8000030517578,243.0,6097611,209.8940002441406,204.0309130859375,0.009620112995583519,1.071836902464381,1.071836902464381,0.0,0.03558048525833449,2.3399963378905966,2.3399963378905966,-0.0,4.814284188406806,0.28214154924664975,17.06336482968034,94.4639328860984
2026-04-23,243.67999267578125,246.6499938964844,241.1999969482422,244.1999969482422,3854308,212.49599990844726,205.45118499755858,-0.007736823605777765,1.0635442894158509,1.071836902464381,-0.007736823605777752,0.035869358146732436,-1.9000091552734375,0.0,1.9000091552734375,3.4678562709263394,0.41785648890903815,8.299156200686035,89.2463361361085
2026-04-24,242.88999938964844,246.3000030517578,238.6100006103516,243.5,4896976,215.57600021362305,206.90648193359374,-0.0032419292099368224,1.0600963541179322,1.071836902464381,-0.01095367058127478,0.03254367088385232,-0.7899932861328125,0.0,0.7899932861328125,3.4678562709263394,0.44357081821986605,7.818044218606412,88.65961685823754
2026-04-27,257.5299987792969,264.6000061035156,243.17999267578125,244.0,16055152,219.08550033569335,208.46716125488283,0.06027419583530369,1.123992809370328,1.123992809370328,0.0,0.03386260885609628,14.639999389648438,14.639999389648438,-0.0,4.391428266252788,0.44357081821986605,9.900173965177474,90.82583449406701
2026-04-28,256.5400085449219,260.0,254.0500030517578,258.1000061035156,4017707,222.1135009765625,209.95800994873048,-0.0038441744226598296,1.119671984961293,1.123992809370328,-0.003844174422659774,0.0334075698885327,-0.989990234375,0.0,0.989990234375,4.391428266252788,0.2628566196986607,16.706553828802672,94.3523736483757
2026-04-29,250.9499969482422,259.5,250.1199951171875,258.3999938964844,3025322,225.17450103759765,211.31839599609376,-0.02179001875140596,1.0952743114135626,1.123992809370328,-0.02555042854131228,0.03274599946781867,-5.5900115966796875,0.0,5.5900115966796875,3.8399996076311385,0.6621431623186383,5.79934948536589,85.29271069015822
2026-04-30,251.94000244140625,254.7400054931641,247.50999450683597,252.0,4883287,228.66500091552734,212.76568756103515,0.003945030903380609,1.099595202419768,1.123992809370328,-0.021706194868121816,0.030266713320540258,0.9900054931640625,0.9900054931640625,-0.0,3.7585721697126098,0.6621431623186383,5.6763739076473305,85.02180953564377
2026-05-04,261.70001220703125,263.25,250.6000061035156,254.8999938964844,7583514,231.70100173950195,213.99582061767578,0.03873942077894066,1.1421928836528117,1.1421928836528117,0.0,0.02312115628201072,9.760009765625,9.760009765625,-0.0,4.087144034249442,0.6621431623186383,6.172598717077162,86.05805176833452
2026-05-05,260.29998779296875,262.3999938964844,256.0,261.3999938964844,4041158,234.6885009765625,214.70260711669923,-0.005349730029645339,1.1360824600834871,1.1421928836528117,-0.0053497300296452615,0.023246506336443457,-1.4000244140625,0.0,1.4000244140625,3.8157152448381697,0.7621449061802456,5.006548248104097,83.35150308139721
2026-05-06,262.3500061035156,265.0,259.0,262.5,4172382,237.6930015563965,215.67573150634766,0.007875598949998341,1.1450297899132322,1.1450297899132322,0.0,0.023254105943072863,2.050018310546875,2.050018310546875,-0.0,3.7950025285993303,0.7621449061802456,4.979371373902249,83.27583390513874
2026-05-07,261.3500061035156,267.0,258.0,262.5,4651205,240.82350158691406,216.6413638305664,-0.0038117018362310295,1.1406652777604807,1.1450297899132322,-0.0038117018362310985,0.02249449492889179,-1.0,0.0,1.0,3.192859104701451,0.833573477608817,3.8303271282820375,79.2974684024007
2026-05-08,256.45001220703125,263.0,256.0,261.1000061035156,2288709,243.32300186157227,217.4520166015625,-0.0187487804937857,1.1192791948508662,1.1450297899132322,-0.022489017568981598,0.022833437132417644,-4.899993896484375,0.0,4.899993896484375,2.2300022670200894,1.1835730416434151,1.8841272896209988,65.32746652345537
2026-05-11,248.3999938964844,256.95001220703125,247.75,256.3999938964844,3189651,245.31350173950196,218.15348693847656,-0.03139020443503859,1.0841447921046121,1.1450297899132322,-0.05317328714498672,0.024737903451753553,-8.050018310546847,0.0,8.050018310546847,2.2114312308175244,1.7585743495396184,1.2575136396118027,55.70347915275685
2026-05-12,236.9499969482422,249.75,235.6000061035156,248.3999938964844,4066870,246.47350158691407,218.58406616210937,-0.046094996898485285,1.034171141275041,1.1450297899132322,-0.09681726153744166,0.02731137564047967,-11.449996948242216,0.0,11.449996948242216,2.127144949776784,2.5764312744140625,0.8256168021638938,45.223992306890175
2026-05-13,240.6000061035156,248.3999938964844,237.0,237.0,3202676,247.62600173950196,219.1124624633789,0.015404132527043979,1.050101650590886,1.1450297899132322,-0.0829045149380259,0.027260393913124705,3.650009155273409,3.650009155273409,-0.0,2.220717293875556,2.5764312744140625,0.8619353894392531,46.2924435685621
2026-05-14,254.0500030517578,257.29998779296875,241.6000061035156,241.6000061035156,9962606,249.33400192260743,219.8296502685547,0.05590189778488819,1.10880432572596,1.1450297899132322,-0.03163713687310896,0.029504324748856836,13.449996948242216,13.449996948242216,-0.0,3.181431361607143,2.440716334751674,1.3034826359413174,56.587473923312196
2026-05-15,246.75,254.75,244.25,254.0500030517578,3447733,250.2555015563965,220.30454833984376,-0.028734512749722607,1.07694337369144,1.1450297899132322,-0.05946257190998644,0.029644664313523576,-7.3000030517578125,0.0,7.3000030517578125,3.181431361607143,2.905717032296317,1.0948868476339335,52.26472488815096
2026-05-18,237.5500030517578,244.1499938964844,234.5,243.5,3568207,250.0430015563965,220.65302185058593,-0.037284688746675565,1.03678987520556,1.1450297899132322,-0.0945302171709213,0.028065988573507544,-9.199996948242188,0.0,9.199996948242188,2.135717119489397,3.562859671456473,0.5994390227040096,37.478079138684436
2026-05-19,245.0,250.6000061035156,238.0,238.8999938964844,4635220,250.19000167846679,221.334736328125,0.03136180531481192,1.0693054774241249,1.1450297899132322,-0.06613305012339077,0.028959212988929034,7.4499969482421875,7.4499969482421875,-0.0,2.6678597586495534,3.4921460832868303,0.7639599532842414,43.30937059324148
2026-05-20,241.3999938964844,243.25,238.0,243.0,2870121,250.0980010986328,222.1410006713867,-0.014693902463328912,1.0535932070353513,1.1450297899132322,-0.07985519999860421,0.029151294868575157,-3.6000061035155966,0.0,3.6000061035155966,2.6678597586495534,3.3500028337751098,0.7963753737017437,44.33234753495166
2026-05-21,237.1999969482422,247.6999969482422,235.3500061035156,243.6999969482422,3083203,249.6790008544922,222.81780059814454,-0.01739849649724201,1.0352622693132287,1.1450297899132322,-0.09586433607838397,0.02930861685920754,-4.199996948242216,0.0,4.199996948242216,2.5971450805664062,3.6500026157924106,0.7115460874820687,41.573294034334516
2026-05-22,216.0,225.5500030517578,213.0,220.9499969482422,19341960,248.2950012207031,223.04040069580077,-0.089376042247033,0.9427346249943304,1.1450297899132322,-0.17667240337409154,0.035317037436448505,-21.199996948242188,0.0,21.199996948242188,1.9000015258789062,5.1642881120954245,0.36791160458860905,26.895861059622803
2026-05-25,228.6000061035156,229.4499969482422,216.6499938964844,219.1999969482422,8741247,247.58050155639648,223.70880096435548,0.058333361590350075,0.9977275047578678,1.1450297899132322,-0.1286449369727985,0.038091206956739815,12.600006103515597,12.600006103515597,-0.0,2.800001961844306,5.064286368233817,0.5528917123264524,35.604009470701726
2026-05-26,230.5,236.8000030517578,226.8000030517578,230.75,4080935,246.22900161743163,224.31960083007812,0.008311434145911845,1.0060200512092277,1.1450297899132322,-0.12140272674874111,0.03526320892449649,1.8999938964844034,1.8999938964844034,-0.0,2.7892859322684154,5.064286368233817,0.5507757124013479,35.51614253414388
2026-05-27,234.3999938964844,241.0,231.25,232.0,4636808,245.12200088500975,225.02720062255858,0.01691971321685215,1.0230416219660907,1.1450297899132322,-0.10653711285222152,0.03560096887208634,3.8999938964844034,3.8999938964844034,-0.0,3.067856924874444,4.992857796805246,0.6144490890242174,38.059366083547054
2026-05-29,231.6999969482422,240.75,230.0,235.9499969482422,3177009,244.15950088500978,225.6474005126953,-0.011518758611549273,1.0112574524730955,1.1450297899132322,-0.11682869617765464,0.035402754816885006,-2.699996948242216,0.0,2.699996948242216,3.067856924874444,4.835715157645091,0.6344163841048976,38.81608079035143
2026-06-01,224.72999572753903,232.7700042724609,223.75,232.4900054931641,2806531,242.79900054931642,226.3618005371094,-0.03008200825423457,0.9808367974406437,1.1450297899132322,-0.14339626262914149,0.035847016368883045,-6.970001220703153,0.0,6.970001220703153,3.067856924874444,4.758571079799113,0.6447012923476088,39.198685825033735
2026-06-02,227.22999572753903,228.08999633789065,221.75,222.0,1521948,241.07549972534179,227.1266003417969,0.011124460675160597,0.9917480778225226,1.1450297899132322,-0.13386700803856375,0.03457971415859016,2.5,2.5,-0.0,3.2464283534458724,3.9407141549246694,0.8238172640329279,45.16994549175703
2026-06-03,228.0200042724609,229.4499969482422,221.1000061035156,227.0,1792655,239.4615005493164,227.8990005493164,0.0034766912809747197,0.9951960797176116,1.1450297899132322,-0.1308557310172469,0.03465091418835174,0.790008544921875,0.790008544921875,-0.0,3.0421425955636203,3.9407141549246694,0.7719774832594458,43.56587431570743
2026-06-04,237.6699981689453,238.6100006103516,225.0200042724609,227.3999938964844,4223885,238.22750015258788,228.76100036621094,0.0423208214878974,1.0373135953527959,1.1450297899132322,-0.09407283156239878,0.036199404631001214,9.649993896484403,9.649993896484403,-0.0,2.7707138061523477,3.9407141549246694,0.7030994122448124,41.28352151317314
2026-06-05,237.77999877929688,240.5,235.1999969482422,238.6000061035156,2382489,237.04899978637695,229.7618002319336,0.00046282917995132955,1.0377936943534853,1.1450297899132322,-0.09365354203393521,0.036215048411806935,0.1100006103515625,0.1100006103515625,-0.0,2.778570992606031,3.419285365513397,0.8126174611310442,44.83116148643873
2026-06-08,239.3699951171875,243.8500061035156,232.16000366210935,234.00999450683597,4779777,236.19499893188475,230.71640014648438,0.006686838026971342,1.0447332526930393,1.1450297899132322,-0.08759295007319695,0.036119491558526944,1.589996337890625,1.589996337890625,-0.0,2.8921421595982184,2.7621427263532405,1.0470647052394035,51.14956564682452
2026-06-09,239.3699951171875,242.3699951171875,236.3800048828125,241.1000061035156,1954446,235.7434989929199,231.87800018310546,0.0,1.0447332526930393,1.1450297899132322,-0.08759295007319695,0.03548888266442751,0.0,0.0,-0.0,2.359999520438062,2.7621427263532405,0.8544089695009665,46.0744627292702
2026-06-10,232.0500030517578,239.8999938964844,231.0,238.5,2000951,235.4984992980957,232.7722003173828,-0.030580240693266814,1.0127850583654265,1.1450297899132322,-0.11549457727019216,0.03461572648142868,-7.3199920654296875,0.0,7.3199920654296875,2.359999520438062,3.0278560093471043,0.7794292440435264,43.80220492905763
2026-06-11,223.9499969482422,233.0,220.0,231.8000030517578,1775617,234.66599884033204,233.33160034179687,-0.034906296043913265,0.977432483289271,1.1450297899132322,-0.14636938540844546,0.03522425382215912,-8.100006103515625,0.0,8.100006103515625,2.359999520438062,3.3064280918666333,0.7137610299898378,41.64880735991938
2026-06-12,234.67999267578125,238.5,225.1000061035156,225.1000061035156,3699138,233.6974983215332,234.2306002807617,0.04791246203954591,1.0242636800410874,1.1450297899132322,-0.10546984099103329,0.03456034108719227,10.729995727539062,10.729995727539062,-0.0,3.126427786690852,1.79214259556362,1.744519545727111,63.563750108579825
2026-06-15,236.07000732421875,242.2899932861328,235.1000061035156,240.0,2391782,233.16349868774415,235.30940032958983,0.005923021526414773,1.0303304158666955,1.1450297899132322,-0.100171519603196,0.034087957162432805,1.3900146484375,1.3900146484375,-0.0,2.325714111328131,1.79214259556362,1.2977282706662667,56.47875282876541
2026-06-16,232.25999450683597,241.3000030517578,231.0,238.5500030517578,3310923,232.89899826049805,235.93500030517578,-0.01613933451592653,1.0137015686230892,1.1450297899132322,-0.11469415245527782,0.03324198036277431,-3.810012817382784,0.0,3.810012817382784,2.1900002615792453,2.064286368233819,1.0608994446119342,51.47749674956609
2026-06-17,243.19000244140625,244.6499938964844,233.5,233.5,6865480,232.80849838256836,236.78780029296874,0.0470593653365845,1.061405721083192,1.1450297899132322,-0.07303222114105616,0.03420747544954661,10.930007934570284,10.930007934570284,-0.0,2.692144121442522,2.064286368233819,1.3041524484540832,56.60009385789874
2026-06-18,253.1499938964844,255.5399932861328,241.63999938964844,245.7400054931641,10768293,233.39599838256837,237.80560028076172,0.04095559585134634,1.104876224830182,1.1450297899132322,-0.0350677034228891,0.03518233422360212,9.959991455078153,9.959991455078153,-0.0,3.4035720825195335,1.871429443359375,1.8187017921497655,64.52267484325397
2026-06-19,250.7400054931641,258.8999938964844,248.1999969482422,253.5,6016884,234.07299880981446,238.84560028076172,-0.009520001822736712,1.0943578011559003,1.1450297899132322,-0.04425386064512062,0.03498577895519449,-2.4099884033203125,0.0,2.4099884033203125,3.4035720825195335,1.5457142421177434,2.201941335454338,68.76894685960555
2026-06-22,258.5,261.92999267578125,251.00999450683597,251.75,7510440,236.19799880981446,239.88640014648436,0.03094837017161778,1.128226391486271,1.1450297899132322,-0.014675075334271127,0.027807007840011697,7.759994506835909,7.759994506835909,-0.0,3.7792859758649553,1.5457142421177434,2.445009480333863,70.97250368370284
2026-06-23,260.239990234375,265.0,257.3500061035156,258.5,7878530,237.7799980163574,240.91940002441407,0.006731103421179885,1.1358206000098696,1.1450297899132322,-0.008042751362879795,0.02530785729849196,1.739990234375,1.739990234375,-0.0,3.847141810825893,1.5457142421177434,2.4889088202713476,71.33774336005074
2026-06-24,254.6000061035156,261.7699890136719,253.44000244140625,260.239990234375,1657933,238.9849983215332,241.73640014648439,-0.021672242324402125,1.1112048207294078,1.1450297899132322,-0.029540689230790722,0.026089881427994684,-5.639984130859403,0.0,5.639984130859403,3.1578565325055785,1.9485702514648438,1.6206018387746863,61.84082659166684
